"country","year","pop_growth","gdp_growth","age_0_14","age_15_64","age_65_plus","primary_enrollment","secondary_enrollment","educational_attainment","income_level","pop_total","gdp_real"
"Afghanistan",2017,2.80833730805469,2.6470032027451,45.3646045386981,52.2756584397329,2.35973702156897,106.129997253418,55.4021492004395,24.2811393737793,"Low income",35688935,20084646751.4954
"Afghanistan",2015,3.11995924146907,1.45131466066431,46.2593370280565,51.3839679093288,2.35669506261475,106.182418823242,53.2851409912109,19.5894508361816,"Low income",33831764,19134221644.7325
"Afghanistan",2014,3.63251884652008,2.72454336219565,46.7130662681856,50.9303980666568,2.35653566515757,109.115516662598,54.235481262207,13.6816530227661,"Low income",32792523,18860496494.0404
"Afghanistan",2020,3.15360920291972,-2.35110067203466,44.2241042439322,53.4051619316696,2.37073382439812,NA,NA,22.4321632385254,"Low income",39068979,20621957125.2077
"Afghanistan",2021,2.35609779179185,-20.7388393676343,43.90812524631,53.7393252349501,2.35254951873996,NA,NA,15.25,"Low income",40000412,16345202562.5485
"Afghanistan",2022,1.43570437048699,-6.24017199240269,43.5798414355935,54.0650161973572,2.35514236704931,NA,NA,21.0254802703857,"Low income",40578842,15325233810.1388
"Albania",2017,-0.0919722937442495,3.80259872019053,18.2833562063906,68.411252681582,13.3053911120274,105.414970397949,97.5743713378906,96.5127563476562,"Upper middle income",2873457,12211675169.6845
"Albania",2014,-0.207046999760594,1.77444885260394,19.3865379916553,68.4466928018412,12.1667692065035,105.770576477051,103.321380615234,96.5201034545898,"Upper middle income",2889104,11139693788.8124
"Albania",2019,-0.426007367032238,2.06256753999989,17.7442916565786,68.0076096803147,14.2480986631067,102.589538574219,99.0151519775391,97.4445037841797,"Upper middle income",2854191,12964502337.0284
"Albania",2015,-0.291205786840436,2.21872637517804,18.9935976695213,68.4632957891861,12.5431065412926,105.688652038574,102.440727233887,97.0612411499023,"Upper middle income",2880703,11386853113.0189
"Albania",2018,-0.246732042281782,4.01934561695576,18.0052663384505,68.2552118334715,13.739521828078,104.568023681641,98.8223876953125,97.0979614257812,"Upper middle income",2866376,12702504600.374
"Albania",2013,-0.183211384606402,1.00201754071108,19.794192578173,68.3856722403311,11.8201351814959,101.474952697754,102.903213500977,95.9353790283203,"Upper middle income",2895092,10945471986.7318
"Albania",2016,-0.159880412127734,3.31498068384137,18.6062746506784,68.473513186339,12.9202121629827,105.324783325195,99.1707611083984,97.2195816040039,"Upper middle income",2876101,11764325094.2129
"Albania",2021,-0.926918061639398,8.96955339178935,17.3674317294264,67.3665631972931,15.2660050732804,97.1074981689453,97.6650314331055,97.8259353637695,"Upper middle income",2811666,13659219676.8332
"Albania",2022,-1.21579032012532,4.82668831434437,17.2224721389952,67.0011896981477,15.7763381628571,96.3712310791016,97.3224716186523,97.853141784668,"Upper middle income",2777689,14318507636.8055
"Algeria",2019,1.84041291439333,0.899999999999949,30.6392172353534,63.5858047801217,5.77497798452489,107.775131225586,NA,64.0072479248047,"Lower middle income",43294546,202300870249.462
"Andorra",2014,-1.95667320426838,2.50446552114518,15.4739140458657,71.665513921098,12.8605720330363,88.2352905273438,91.8740692138672,96.5299987792969,"High income",73737,2750436142.73572
"Andorra",2022,1.69676808598242,9.56461225648184,12.6560441628505,72.3750078414152,14.9689479957343,90.147346496582,97.4890365600586,99.1500015258789,"High income",79705,3170696511.92972
"Andorra",2016,0.00969831319383994,3.70967806978986,15.093895250168,71.8882262075463,13.0178785422858,90.1719436645508,94.2090682983398,96.5199966430664,"High income",72181,2893376871.7235
"Andorra",2015,-2.14248382559065,1.43414039522716,15.3186418837939,71.755561251706,12.9257968645001,88.9553527832031,92.5457992553711,96.4599990844727,"High income",72174,2789881258.50362
"Angola",2021,3.18132259995095,1.19921052145153,44.9092503744813,52.3460455098597,2.74470411565894,88.8339920043945,52.5437698364258,74.3047637939453,"Lower middle income",34532429,82375341952.5616
"Angola",2015,3.60507162233632,0.943571561325001,45.2743037648043,52.0344151201028,2.69128111509288,119.14225769043,NA,43.405158996582,"Lower middle income",28157798,90496420506.5957
"Angola",2019,3.38788422184303,-0.702272957616017,45.1127665227853,52.1792554940819,2.70797798313284,NA,NA,70.0272979736328,"Lower middle income",32375632,86262880684.9456
"Angola",2014,3.73272806660513,4.82255926962156,45.2258854448141,52.0696201188262,2.70449443635977,NA,NA,44,"Lower middle income",27160769,89650503847.7041
"Antigua and Barbuda",2021,0.546161676855974,8.1917184618173,18.8437340956589,70.877324064148,10.2789418401932,NA,NA,90.0956573486328,"High income",92349,1484148566.07947
"Armenia",2017,-0.432038450211669,7.50000000164144,20.4716971584721,68.1111272919884,11.4171755495395,101.619812011719,NA,99.3600006103516,"Upper middle income",2979400,11367527508.1135
"Armenia",2015,-0.305729335573084,3.19999999896625,20.1142347563611,68.961951131008,10.923814112631,102.382690429688,85.793701171875,99.4599990844727,"Upper middle income",3004600,10553337518.414
"Armenia",2019,-0.219168932037313,7.59999999853918,20.3005780187581,67.6540902691366,12.0453317121053,97.3231430053711,93.6171493530273,99.8089141845703,"Upper middle income",2962500,12867495497.6469
"Armenia",2018,-0.349674218173286,5.19999999965324,20.4515725191837,67.836738214504,11.7116892663124,100.061309814453,88.5765686035156,99.8112411499023,"Upper middle income",2969000,11958638938.496
"Armenia",2013,-0.0694662703047376,3.3,19.6515983819432,69.6400159040937,10.7083857139631,99.3458786010742,84.4040374755859,99.7650451660156,"Upper middle income",3022000,9870755064.25618
"Armenia",2016,-0.410212518071397,0.199999999825991,20.3211773361758,68.5339571072627,11.1448655565615,103.061706542969,NA,99.0897674560547,"Upper middle income",2992300,10574444193.4325
"Armenia",2020,-0.0337609726366775,-7.19999999920631,20.1691865055515,67.4875319646095,12.343281529839,96.6205673217773,94.89111328125,99.3399963378906,"Upper middle income",2961500,11941035821.9185
"Armenia",2021,0.0270096898904032,5.80000000065645,20.0488372753343,67.3509680096337,12.600194715032,93.8099975585938,97.3015594482422,99.7677459716797,"Upper middle income",2962300,12633615899.6682
"Armenia",2014,-0.271712284863074,3.60000000058993,19.8849276387873,69.3383433330299,10.7767290281828,100.915573120117,84.9311065673828,99.5871887207031,"Upper middle income",3013800,10226102246.6276
"Armenia",2022,0.2326562627468,12.5999999997766,19.8625625656376,67.2222792072338,12.9151582271286,92.9023818969727,96.8645629882812,99.7420959472656,"Upper middle income",2969200,14225451502.9981
"Australia",2022,1.27269881377618,4.24238555336139,18.2355418743903,64.6894260786269,17.0750320469828,99.1329879760742,133.277267456055,99.5250473022461,"High income",26014399,1587133480804.53
"Australia",2021,0.14089508329287,2.11116814768786,18.4234342046625,64.8273784315574,16.7491873637801,99.9291534423828,135.526565551758,100,"High income",25685412,1522541404227.63
"Australia",2023,2.4474661688131,3.44199220009025,18.0302829475224,64.5856920862796,17.384024966198,NA,NA,99.4919281005859,"High income",26658948,1641762491418.85
"Australia",2020,1.23342825131378,-0.119590735829973,18.5597082418825,65.1015714818381,16.3387202762794,99.9011077880859,137.490737915039,100,"High income",25649248,1491062566266.52
"Australia",2018,1.49599671041328,2.87846971467883,18.7618242578521,65.5972081360588,15.6409676060892,100.398712158203,136.105545043945,100,"High income",24963258,1461119016244.31
"Australia",2019,1.47749071058438,2.17154505737176,18.661163799115,65.3937724215717,15.9450637793133,100.199699401855,144.056564331055,100,"High income",25334826,1492847874023.89
"Australia",2014,1.49156648912847,2.59528411594042,18.9164776713354,66.4491289382527,14.6343933904119,105.461601257324,NA,100,"High income",23475686,1322334997273.41
"Australia",2017,1.64682779735017,2.27959179820343,18.8412690393086,65.7711179415292,15.3876130191621,100.637657165527,153.576126098633,99.7744979858398,"High income",24592588,1420237898460.73
"Australia",2016,1.56194049810399,2.7593859723839,18.8876222294296,65.9615614705209,15.1508163000494,101.180686950684,155.594390869141,100,"High income",24190907,1388583854795.63
"Australia",2015,1.43921665259925,2.19016928695221,18.9031260311403,66.1974159681463,14.8994580007134,101.665489196777,159.110763549805,100,"High income",23815995,1351296372254.31
"Austria",2015,1.12099250236958,1.30352309798889,14.3039101457033,67.234719049435,18.4613708048616,101.104393005371,101.411582946777,100,"High income",8642699,379546097300.633
"Austria",2014,0.781541632525841,0.755799076892799,14.3011125354513,67.3108310981136,18.3880563664351,100.970321655273,101.304809570312,100,"High income",8546356,374662287839.195
"Austria",2017,0.694621103604983,2.27225012037459,14.4153434951617,66.974326831199,18.6103296736393,101.104568481445,100.337898254395,99.9999847412109,"High income",8797566,396388752620.721
"Austria",2020,0.415176731565556,-6.31825528670208,14.3931589250796,66.4370522356064,19.169788839314,101.560852050781,101.690559387207,100,"High income",8916864,387247796564.086
"Austria",2018,0.487071924768999,2.48422086689928,14.4299641791993,66.8074529749847,18.7625828458159,101.370300292969,100.692596435547,100,"High income",8840521,406235924727.366
"Austria",2013,0.589387254692989,-0.250726545926739,14.3738718336399,67.4266821192924,18.1994460470678,100.746078491211,101.173210144043,100,"High income",8479823,371851835102.085
"Austria",2019,0.444673639004876,1.7549764558533,14.422845223827,66.6368554183168,18.9402993578561,101.776290893555,101.543632507324,99.9999847412109,"High income",8879920,413365269561.549
"Austria",2023,0.989464653969154,-0.954962366849259,14.3026357250026,65.5333445996897,20.1640196753077,NA,NA,100,"High income",9131761,423156281454.21
"Austria",2016,1.08139629872802,2.11721967096108,14.3661093998906,67.1339749165576,18.4999156835518,100.428077697754,100.227989196777,100,"High income",8736668,387581921933.047
"Austria",2021,0.435671684056384,4.79532910551458,14.3606656208757,66.1764816581673,19.462852720957,101.644119262695,102.307662963867,100,"High income",8955797,405817602863.188
"Austria",2022,0.956287797076634,5.27789421203715,14.3461537570506,65.8640953229773,19.7897509199721,100.77562713623,101.458000183105,100,"High income",9041851,427236226636.132
"Azerbaijan",2018,0.866316916370841,1.49999999999999,23.7619094314226,69.8692138262529,6.3688767423245,99.7220993041992,108.517936706543,98.4899978637695,"Upper middle income",9939771,52306739842.6194
"Azerbaijan",2016,1.11785721013911,-3.09999988037266,23.7644384698353,70.2891585164324,5.94640301373228,106.431739807129,74.922503925884,98.5,"Upper middle income",9757812,51430872122.2426
"Azerbaijan",2017,0.98126180450475,0.199999938958655,23.9150145766526,69.9448498293551,6.14013559399226,103.294097900391,77.4080343707927,98.5,"Upper middle income",9854033,51533733835.093
"Azerbaijan",2014,1.24820899735588,2.75050681535518,23.0824332493211,71.2018299395149,5.71573681116396,106.05989074707,83.4386600193183,98.5400009155273,"Upper middle income",9535079,52501877459.7444
"Azerbaijan",2015,1.19120985807018,1.09397591627469,23.4529342704953,70.7521032313631,5.79496249814157,106.601486206055,84.8098586425184,98.5100021362305,"Upper middle income",9649341,53076235354.746
"Azerbaijan",2021,0.441197735816311,5.61645102853028,23.1453170471012,69.708000115884,7.14668283701474,97.7304992675781,91.4322891235352,99.5457916259766,"Upper middle income",10137750,54190732985.9123
"Azerbaijan",2013,1.29344702700591,5.80980084268208,22.6562640559765,71.6592530898028,5.68448285422061,100.500450134277,83.1376553563209,98.5299987792969,"Upper middle income",9416801,51096465688.5745
"Azerbaijan",2023,0.120242150339289,1.12397432709641,22.3444393003552,69.64501196768,8.01054873196477,101.979698181152,92.7589111328125,99.9400024414062,"Upper middle income",10153958,57383526259.1424
"Azerbaijan",2019,0.846646726414021,2.50000006743734,23.5467769812991,69.825581884135,6.62764113456588,97.9353485107422,107.899871826172,98.5100021362305,"Upper middle income",10024283,53614408373.9591
"Azerbaijan",2022,0.039507866238038,4.71480236521231,22.7976026739958,69.6758832959182,7.52651403008595,99.8082962036133,90.9729919433594,99.8294906616211,"Upper middle income",10141756,56745718946.4579
"Bahamas, The",2019,0.497339072752345,-1.35726520928898,19.8496482544477,69.3259888845112,10.8243628610412,NA,NA,97.5113296508789,"High income",394675,12030228260.9362
"Bahamas, The",2023,0.477303918283875,2.63905598075102,18.3282616559913,70.1737805755801,11.4979577684286,77.9319305419922,78.757926940918,99.0614395141602,"High income",399440,12404130127.1916
"Bahrain",2018,0.131482303617889,2.05258864979861,19.8433119628372,77.3842993458645,2.77238869129833,98.7649765014648,100.435096740723,87.0199966430664,"High income",1503091,36164044588.1584
"Bahrain",2020,-0.781611308056263,-5.9113629524152,19.8945840303639,76.8265235048484,3.27889246478774,NA,NA,93.0500030517578,"High income",1472204,34724774104.3146
"Bahrain",2017,5.29314527321994,4.95383534123657,19.7793852205979,77.608595170699,2.61201960870313,100.925018310547,101.757507324219,79.6900024414062,"High income",1501116,35436675410.8102
"Bahrain",2016,3.82316300255316,3.81499327422425,20.0882901838551,77.3742239109572,2.53748590518773,102.698867797852,101.839508056641,76.75,"High income",1423726,33764059498.7261
"Bahrain",2022,1.34221960637543,5.98130282177125,19.0789580940866,77.4220895374444,3.49895236846893,92.3441925048828,103.490966796875,90.0400009155273,"High income",1524693,38402659963.6336
"Bahrain",2023,3.37686417721007,2.9807927665851,18.9918807542116,77.3701148429395,3.63800440284889,93.7412872314453,99.7823333740234,89.9100036621094,"High income",1577059,39547363674.0058
"Bangladesh",2022,1.02423384746683,7.09982877575158,28.7700900252928,65.0947523228864,6.13515765182076,117.659457498739,71.8219832597133,64.3487014770508,"Lower middle income",169384897,305629528154.311
"Bangladesh",2014,0.911167733810249,6.0610593588495,31.8063072462316,63.4371252223876,4.75656753138087,NA,NA,48.7900009155273,"Lower middle income",157964929,183145728910.398
"Bangladesh",2021,0.814977993693211,6.93867912442445,29.0745008042507,64.9516858651805,5.97381333056883,115.448180712787,70.2933328560227,60.5699996948242,"Lower middle income",167658854,285368829855.224
"Bangladesh",2018,0.820955197842845,7.31941263014136,29.7445382083272,64.7973177686173,5.45814402305543,112.427695363555,67.4213697322793,58.4000015258789,"Lower middle income",163523103,239111739541.452
"Bangladesh",2019,0.84641125179804,7.88191515117722,29.4761618478294,64.8612797816401,5.66255837053046,NA,67.2209189141778,61.060001373291,"Lower middle income",164913055,257958323968.613
"Bangladesh",2013,0.938408350120779,6.01360565834344,32.4236999110096,62.9494570158261,4.62684307316426,NA,57.9590161381221,47.6199989318848,"Lower middle income",156532141,172679520662.469
"Bangladesh",2015,0.89381937776758,6.55263987816197,31.1823407663365,63.9150578117155,4.90260142194805,NA,62.0312309265137,54.75,"Lower middle income",159383179,195146608978.131
"Bangladesh",2020,0.836310836229073,3.44801755122445,29.2584546885536,64.9064095313604,5.835135780086,118.429237365723,69.0135708627668,62.8699989318848,"Lower middle income",166298024,266852772253.895
"Bangladesh",2017,0.850917315689336,6.59024999794057,30.0763108025382,64.6648001467869,5.25888905067487,109.125360305532,64.8559520731683,57.439998626709,"Lower middle income",162186147,222803809377.443
"Bangladesh",2016,0.892432416039535,7.11347821270093,30.5660498794143,64.3617117778247,5.07223834276104,NA,66.9232483057473,56.2999992370605,"Lower middle income",160811932,209028320490.615
"Barbados",2015,0.230380947989644,-0.846098521356325,19.184200150543,67.8941897559052,12.9216100935517,96.3370819091797,108.281532287598,99.7178039550781,"High income",278990,5288057750
"Barbados",2017,0.204727378663704,0.12844600157031,18.6586049234218,67.8255422581209,13.5158528184573,96.8223114013672,110.007057189941,99.4642486572266,"High income",280171,5389730072.92036
"Barbados",2018,0.192553930005438,-1.17406509373819,18.4394598705784,67.6793351157153,13.8812050137063,97.6479110717773,108.462646484375,99.1719970703125,"High income",280711,5326451133.48749
"Barbados",2016,0.217691837314076,1.79193033431267,18.9089673548583,67.887946065326,13.2030865798156,97.0370712280273,108.478012084961,99.5195922851562,"High income",279598,5382816060.91822
"Barbados",2019,0.176538259610281,0.652585417698418,18.2400896135416,67.4642390405661,14.2956713458923,98.8424072265625,106.328201293945,99.2856674194336,"High income",281207,5361210776.86546
"Belarus",2016,0.0877210878706449,-2.52644643552371,16.4679233905532,68.9918011391333,14.5402754703135,97.3474578857422,97.0480880737305,99.8468475341797,"Upper middle income",9469379,55028586612.0854
"Belarus",2017,-0.109782322950581,2.53218350022975,16.7137340186406,68.4886180343404,14.797647947019,97.40283203125,96.0117721557617,99.8783340454102,"Upper middle income",9458989,56422011402.6863
"Belarus",2019,-0.201786600970723,1.44645547691826,16.9734318649001,67.6546230933346,15.3719450417652,95.6502075195312,94.9205322265625,99.7900009155273,"Upper middle income",9419758,59040672510.7894
"Belarus",2023,-0.540824986374776,3.88624214456901,16.6752836870096,66.2627417811946,17.0619745317958,94.7357864379883,93.5995101928711,99.8727951049805,"Upper middle income",9178298,59501097357.3809
"Belarus",2018,-0.213824206997671,3.14919759375005,16.8691642464038,68.079682439857,15.0511533137392,96.7058029174805,95.4997177124023,99.8845748901367,"Upper middle income",9438785,58198852028.1251
"Belarus",2020,-0.42347525027949,-0.672742950624155,17.0467976281325,67.2194165637181,15.7337858081494,94.4190673828125,95.0074691772461,99.8883666992188,"Upper middle income",9379952,58643480548.472
"Belarus",2021,-0.82823272086807,2.43886212396819,17.0730697578141,66.8571610783922,16.0697691637937,94.5295486450195,95.2133865356445,99.872802734375,"Upper middle income",9302585,60073714183.7453
"Belarus",2022,-0.804228426880244,-4.65839591573591,16.959852885083,66.5333622144506,16.5067849004664,94.7119674682617,94.5358963012695,99.8865585327148,"Upper middle income",9228071,57275242735.7789
"Belgium",2019,0.540461327098122,2.44289006648609,16.8907407765187,64.0794211416653,19.029838081816,102.148559570312,156.635375976562,96.7399978637695,"High income",11488980,494099718421.514
"Belgium",2021,0.411601996532257,6.20255401586081,16.6827638797465,63.8651840723626,19.4520520478909,101.821136474609,143.163513183594,96.8185195922852,"High income",11586195,499595504127.06
"Belgium",2017,0.385228018372369,1.47446765653092,16.9724637381153,64.4426328280277,18.584903433857,102.752861022949,158.670288085938,95.870002746582,"High income",11375158,473426438780.183
"Belgium",2015,0.579446241677791,1.47416438588013,16.9932652552348,64.8430252778753,18.1637094668899,102.243827819824,164.079818725586,95.0699996948242,"High income",11274196,461044767544.531
"Belgium",2013,0.471340143966627,0.30549447856238,16.988535946602,65.2910824069226,17.7203816464754,103.191062927246,161.845886230469,93.0299987792969,"High income",11159407,446464436746.25
"Belgium",2022,0.808165350001861,4.2334318336917,16.5296792082338,63.7031280332457,19.7671927585206,102.176986694336,142.918075561523,96.6435775756836,"High income",11680210,520745539238.467
"Belgium",2014,0.44392928847521,1.76554038203088,16.9983431933238,65.0395058250497,17.9621509816265,103.104873657227,162.421981811523,93.870002746582,"High income",11209057,454346946668.411
"Belgium",2018,0.455184695275022,1.87796857219402,16.9466264692847,64.2447525310394,18.8086209996758,102.500366210938,156.509765625,96.3588638305664,"High income",11427054,482317238512.932
"Belgium",2020,0.430996815099722,-4.79298389726264,16.8003901523617,63.9755896544114,19.224020193227,102.064270019531,151.727508544922,96.8622970581055,"High income",11538604,470417598481.151
"Belgium",2016,0.506300002451376,1.19350263995111,16.9825718062522,64.6607620134318,18.356666180316,102.055862426758,160.689270019531,95.6999969482422,"High income",11331422,466547349016.531
"Belize",2019,1.46284533510266,4.26763689618086,29.4165672053775,66.2083023934209,4.37513040120157,112.805587768555,87.3793334960938,80.8235015869141,"Upper middle income",385829,2271360752.35822
"Belize",2015,2.10144194153298,2.87618379515959,31.8369334302464,64.0869635986563,4.07610297109726,113.607513427734,80.9736709594727,85.371696472168,"Upper middle income",356333,2193050000
"Belize",2016,2.32231207163985,0.0545516535970023,31.1017123428524,64.7671405656627,4.1311470914849,115.647926330566,87.4975967407227,95.777587890625,"Upper middle income",364705,2194246345.03921
"Belize",2017,2.30310203964335,-1.81285354051658,30.4189559795446,65.38666109327,4.19438292718545,114.81812286377,84.7784423828125,86.9781646728516,"Upper middle income",373202,2154467872.48551
"Belize",2014,2.11317688838933,4.03084557750317,32.5414669446654,63.4305612277798,4.02797182755483,112.721199035645,79.9702529907227,95.6384887695312,"Upper middle income",348923,2131737316.74054
"Belize",2020,1.28323598131052,-13.9029100645218,28.8946205523635,66.6198410231019,4.48553842453459,110.308288574219,85.9464797973633,81.4400024414062,"Upper middle income",390812,1955575509.71701
"Belize",2013,2.13397522406827,4.45432600686063,33.2557145658862,62.7488459635802,3.99543947053365,113.438339233398,80.1997528076172,94.391357421875,"Upper middle income",341627,2049139661.32515
"Belize",2021,1.1534704907648,17.7461701205679,28.3162997522427,67.0852024742852,4.59849777347213,105.283950805664,88.7403106689453,86.733039855957,"Upper middle income",395346,2302615266.50756
"Benin",2021,2.59230167510348,7.1554516457574,42.3988645100648,54.5541005696013,3.04703492033387,110.70588684082,46.0770416259766,25.7668399810791,"Lower middle income",13413417,15779238957.7761
"Benin",2019,2.73538842831436,6.86568662848335,42.8769823886765,54.0897463650396,3.03327124628391,112.029891967773,NA,25.6372299194336,"Lower middle income",12726755,14179807375.1016
"Benin",2018,2.8136418840483,6.69725362180888,43.0653989157617,53.9063205647746,3.02828051946374,117.116798400879,NA,33.6718482971191,"Lower middle income",12383347,13268812303.0524
"Benin",2022,2.54740926342667,6.25324491401346,42.1206314865863,54.8168372827197,3.06253123069402,113.04891204834,45.3651695251465,37.6049003601074,"Lower middle income",13759501,16765953415.3733
"Benin",2017,2.88117869411855,5.67156195150444,43.2080154288533,53.7641385473821,3.02784602376455,121.606216430664,NA,20.6630897521973,"Lower middle income",12039780,12435945493.1089
"Bhutan",2017,0.86127488782821,2.08684525771005,25.8193811896446,68.3439508599965,5.83666795035889,99.7384333534538,86.6147003173828,32.3600006103516,"Lower middle income",754335,2422779967.13104
"Bolivia",2017,1.46124572329841,4.1952063010676,31.9477327844666,62.42532837796,5.62693883757342,97.0588989257812,90.6840209960938,63.4199981689453,"Lower middle income",11344587,35850757819.5236
"Bolivia",2018,1.43337090655267,4.22362351118875,31.6221465980233,62.7195359063944,5.65831749558234,97.7159881591797,90.0090026855469,64.7799987792969,"Lower middle income",11508368,37364958855.7283
"Bolivia",2015,1.51686119793977,4.85718723245387,32.6203561511634,61.8000754445988,5.57956840423779,95.8293914794922,91.7968215942383,62.6599998474121,"Lower middle income",11014705,33000198248.1292
"Bolivia",2016,1.48970583998181,4.26392083754456,32.2772200889274,62.1216939737896,5.60108593728302,96.1937713623047,91.8639373779297,63.0499992370605,"Lower middle income",11180020,34407300577.6622
"Bolivia",2014,1.54455877769864,5.46056957461593,32.9798900597052,61.4525672376484,5.56754270264645,96.2360534667969,90.5977325439453,61.25,"Lower middle income",10848888,31471565392.0531
"Bolivia",2019,1.40657823805422,2.21670577750359,31.2971112127176,63.0065128086121,5.69637597867023,98.238639831543,90.0654907226562,68.1999969482422,"Lower middle income",11671386,38193230057.4451
"Bolivia",2021,1.01931284088344,6.11137275205746,30.7897110747146,63.6895244714713,5.5207644538141,98.8565673828125,91.4961090087891,69.3899993896484,"Lower middle income",11937360,36986126769.1183
"Bolivia",2020,1.23396442673807,-8.73788443399127,31.0202276101753,63.326175000896,5.65359738892874,98.6972885131836,90.0048294067383,67.629997253418,"Lower middle income",11816299,34855949753.4171
"Bolivia",2022,1.16425907336882,3.60568038279472,30.4985263912342,64.0223930240519,5.47908058471391,99.5986480712891,91.4673690795898,75.4829025268555,"Lower middle income",12077154,38319728286.388
"Bolivia",2013,1.57374447646261,6.79601142810841,33.3429034063079,61.0995583241264,5.55753826956574,97.7157592773438,89.9264221191406,64.4000015258789,"Lower middle income",10682608,29842021069.1031
"Bolivia",2023,1.37334382280772,3.08196524087036,30.1423997294384,64.307133535789,5.55046673477261,98.9345397949219,92.400520324707,76.1023025512695,"Lower middle income",12244159,39500728992.5704
"Bosnia and Herzegovina",2015,-1.30696713269434,4.31475061116335,14.2790171095089,68.4674654164134,17.2535174740777,91.1704864501953,83.0699996948242,79.870002746582,"Upper middle income",3518541,16404348871.4437
"Bosnia and Herzegovina",2017,-1.28437067954589,3.24410095889466,13.9625205891767,67.6985985141523,18.338880896671,91.3840866088867,84.2743606567383,81.9597015380859,"Upper middle income",3428682,17485647794.2627
"Bosnia and Herzegovina",2014,-1.2829607801223,1.15385109200403,14.485393268513,68.7408428286462,16.7737639028408,89.467658996582,84.6013412475586,78.0500030517578,"Upper middle income",3564829,15725819000.0295
"Bosnia and Herzegovina",2016,-1.30267774814121,3.24225521171914,14.1154787369893,68.1126823098051,17.7718389532056,90.997673034668,82.9606018066406,83.75,"Upper middle income",3473003,16936219727.6767
"Bosnia and Herzegovina",2019,-1.23185506471358,2.88734334414875,13.6840676806954,66.6702435755379,19.6456887437667,90.1631317138672,85.8158111572266,82.1134033203125,"Upper middle income",3345533,18679105433.9912
"Bosnia and Herzegovina",2020,-1.39008469041609,-3.01509514759861,13.5633554432472,66.193927015007,20.2427175417457,88.8544692993164,85.2992401123047,91.4199981689453,"Upper middle income",3299349,18115912632.4361
"Bosnia and Herzegovina",2018,-1.22313569369776,3.82749920546897,13.8188367286684,67.2051520519634,18.9760112193682,90.6376724243164,86.1026916503906,87.6100006103516,"Upper middle income",3387000,18154910824.6593
"Bosnia and Herzegovina",2021,-1.66384860150923,7.38996234012757,13.4819559571421,65.8403513813568,20.6776926615011,88.2447814941406,84.969841003418,90.3940582275391,"Upper middle income",3244907,19454671753.5435
"Bosnia and Herzegovina",2013,-1.62767576055568,2.3498566632458,14.7763039210337,68.9007380238331,16.3229580551331,88.8709106445312,84.7301177978516,76.4316864013672,"Upper middle income",3610859,15546436275.2992
"Bosnia and Herzegovina",2023,-0.617510129445164,2.21112447211205,13.2199167805573,65.1376593252337,21.642423894209,87.2372436523438,84.2911529541016,91.3951187133789,"Upper middle income",3185073,20725333315.9436
"Bosnia and Herzegovina",2022,-1.24363802761194,4.22681101095546,13.3765050071736,65.5202255864793,21.1032694063471,87.8222198486328,85.2915191650391,95.3600006103516,"Upper middle income",3204802,20276983961.3676
"Botswana",2021,1.49130106425067,11.9206365085117,32.5854419461985,63.545526112348,3.86903194145347,93.7229537963867,70.0183868408203,89.253173828125,"Upper middle income",2401441,16560766198.0276
"Botswana",2019,1.42262847077389,3.0322025744566,33.2697635547277,62.8846829208051,3.84555352446718,NA,NA,88.0104141235352,"Upper middle income",2332083,16211987795.536
"Botswana",2022,1.58848021878269,5.48602817797183,32.4232245573215,63.6966233949337,3.88015204774475,96.9256945502565,NA,89.4666442871094,"Upper middle income",2439892,17469294498.1394
"Botswana",2023,1.64031664035479,2.73379817032757,32.2812529167991,63.7490779638862,3.96966911931465,NA,NA,89.9594650268555,"Upper middle income",2480244,17946869751.4987
"Botswana",2020,1.4394103578493,-8.72875252639037,32.8742396899945,63.2353062384254,3.89045407158014,NA,NA,88.6575469970703,"Upper middle income",2365894,14796883501.255
"Brazil",2022,0.360180890872169,3.01669435393015,20.2024769910192,69.5457382256878,10.251784783293,103.970321655273,106.031188964844,85.8099975585938,"Upper middle income",210306415,1899505377653.06
"Brazil",2014,0.806314177734439,0.503955740242247,22.8142776949133,69.5321464348522,7.65357587023447,110.316459655762,102.635528564453,78.5500030517578,"Upper middle income",200085127,1868463501755.79
"Brazil",2023,0.395928695574996,2.90848048667777,19.9359520540445,69.4304164782911,10.6336314676644,NA,NA,85.1365432739258,"Upper middle income",211140729,1954752120905.5
"Brazil",2015,0.791721773592796,-3.54576339269425,22.4022029603472,69.6409897160951,7.95680732355772,109.152183532715,100.920516967773,79.2200012207031,"Upper middle income",201675532,1802212206904.68
"Brazil",2013,0.810511647523289,3.00482266944432,23.2696192059022,69.3600959635388,7.37028483055902,109.945137023926,103.917678833008,77.9400024414062,"Upper middle income",198478299,1859094488365.14
"Brazil",2020,0.579350709708032,-3.2767587964736,20.7566949222876,69.6446402012395,9.59866487647293,105.498199462891,104.125999450684,85.7300033569336,"Upper middle income",208660842,1760056587883.53
"Brazil",2021,0.425360907216456,4.76260437908608,20.4706372304111,69.6182628596073,9.91109990998152,103.4716796875,106.651901245117,86.0299987792969,"Upper middle income",209550294,1843881120012.46
"Brazil",2019,0.651994346081362,1.22077782360842,21.0598118773538,69.6671137738846,9.27307434876159,107.407470703125,103.953277587891,84.0800018310547,"Upper middle income",207455459,1819683217790.43
"Brazil",2016,0.761972670496742,-3.27591690782192,22.0157734610601,69.7156525862543,8.26857395268557,108.757843017578,102.569511413574,81.4800033569336,"Upper middle income",203218114,1743173232503.86
"Brazil",2017,0.72824666001736,1.32286905404399,21.6593948870768,69.7489521976535,8.5916529152697,109.80850982666,103.015960693359,82.6399993896484,"Upper middle income",204703445,1766233131755.03
"Brazil",2018,0.683439571425594,1.783666761634,21.3525316348572,69.7196181499875,8.92785021515533,108.623291015625,105.00707244873,83.6900024414062,"Upper middle income",206107261,1797736845059.11
"Brunei Darussalam",2017,1.2107045656128,1.32872651318183,22.7212019261875,72.6002375384729,4.67856053533962,100.113736888664,91.6632308959961,88.8177261352539,"High income",432772,12777445744.2444
"Brunei Darussalam",2014,1.34019436885468,-2.50788721630481,24.0360839399113,72.023548861969,3.94036719811974,102.229854163556,99.6279907226562,93.1808395385742,"High income",416750,12981233067.5755
"Brunei Darussalam",2019,1.10621350885567,3.86884416432889,21.9466657630794,72.7649769585253,5.28835727839523,97.6141311108347,89.6485824584961,90.0489883422852,"High income",442680,13278735782.1319
"Brunei Darussalam",2018,1.15739958778106,0.0523710544736673,22.3246640376694,72.6994274907237,4.97590847160694,99.0000502487312,91.4957733154297,90.2055053710938,"High income",437810,12784137427.3154
"Brunei Darussalam",2022,0.804554269312164,-1.62833154022366,21.1818094975619,72.6164137035967,6.20177679884138,94.5624818507405,88.3798616082081,90.6846466064453,"High income",455370,13000438059.9791
"Brunei Darussalam",2020,1.06148281648515,1.13357340605403,21.5994063524313,72.7870926356186,5.61350101195006,97.5303175657393,86.9572627721675,90.8339233398438,"High income",447404,13429259999.6183
"Brunei Darussalam",2021,0.96027430523198,-1.59076248075436,21.3389695619304,72.7380094549616,5.92302098310792,96.2353284955925,89.1228976893426,90.6189956665039,"High income",451721,13215632370.1015
"Bulgaria",2018,-0.722080405222853,2.5494643471818,14.3011088444414,64.5280031853111,21.1708879702475,96.7923202514648,104.043922424316,99.0381317138672,"Upper middle income",7025037,55158665587.1604
"Bulgaria",2014,-0.568389264052903,0.949448985090484,13.8046441661979,66.4196171095264,19.7757387242757,99.2496109008789,104.942199707031,98.8406295776367,"Upper middle income",7223938,49142357906.2347
"Bulgaria",2013,-0.559647217410859,-0.542751603030155,13.6699552397899,66.9753508090845,19.3546939511256,98.7911834716797,100.78581237793,98.9258651733398,"Upper middle income",7265115,48680164577.7112
"Bulgaria",2017,-0.730443175298289,2.74592644707793,14.1712005939254,64.9588436261308,20.8699557799437,97.5942993164062,103.46102142334,99.120231628418,"Upper middle income",7075947,53787375622.383
"Bulgaria",2016,-0.701382097841331,3.02662893138918,14.0249211707888,65.3990271954816,20.5760516337296,98.0771636962891,103.003921508789,98.9956665039062,"Upper middle income",7127822,52349886250.8068
"Bulgaria",2021,-0.814846471528947,7.78061481406978,14.4832752684931,63.8135029889597,21.7032217425472,95.6110992431641,98.7087631225586,99.1460189819336,"Upper middle income",6877743,59718632534.0491
"Bulgaria",2015,-0.638069468160719,3.39755325869422,13.9073512469563,65.8828672924077,20.209781460636,99.1272201538086,103.889343261719,98.9399795532227,"Upper middle income",7177991,50811995688.6771
"Bulgaria",2020,-0.60024151846542,-3.21573743445016,14.4317525598343,63.8814581406739,21.6867892994918,96.5437622070312,101.354942321777,99.213996887207,"Upper middle income",6934015,55407582000.7787
"Bulgaria",2019,-0.703905641117455,3.78885036478003,14.3870039419572,64.1335371141353,21.4794589439076,96.4398803710938,102.656936645508,99.1240386962891,"Upper middle income",6975761,57248544889.4673
"Bulgaria",2022,-3.46781051603393,4.03877758301681,14.5392290265379,63.7634737521873,21.6972972212748,95.8885192871094,96.6720733642578,99.1713409423828,"Upper middle income",6643324,62130535277.7185
"Burkina Faso",2018,2.69713675384815,6.60456906812341,44.8544883015642,52.5907037810603,2.55480791737547,91.7203674316406,39.8208885192871,14.710000038147,"Low income",20438288,14194244128.6065
"Burkina Faso",2019,2.52989803984158,5.88920497068135,44.5027699590484,52.9380433430521,2.55918669789944,89.9551162719727,40.2732582092285,17.2199993133545,"Low income",20961952,15030172259.3791
"Burkina Faso",2014,2.9733794200807,4.32684561452976,45.5777738025277,51.7927902530963,2.62943594437597,84.8977890014648,29.732629776001,19.14479637146,"Low income",18229461,11385699970.03
"Burkina Faso",2021,2.37649218888363,6.94252492572348,43.5166435760678,53.904178280731,2.57917814320124,87.1249923706055,38.2898712158203,21.2134208679199,"Low income",21995243,16396850182.5889
"Burkina Faso",2022,2.30907147387783,1.4972397409897,42.9683169274423,54.4370275967141,2.59465547584363,82.3567962646484,33.724910736084,24.8531322479248,"Low income",22509038,16642350339.7932
"Burkina Faso",2023,2.26973666268599,2.96018147384929,42.4012506679471,54.9780363536934,2.62071297835956,72.3235702514648,30.9303798675537,18.7572841644287,"Low income",23025776,17134994111.3648
"Burundi",2014,3.39447686677984,4.24065021402657,46.4060513053708,51.3816362371271,2.21231245750205,125.404472351074,41.4826889038086,10.9300003051758,"Low income",10799785,3229972475.40545
"Burundi",2017,2.35048627086438,0.500001262429279,47.9494144399615,49.7345082830426,2.31607727699591,111.118583679199,49.8075103759766,18,"Low income",11506762,3100806433.20295
"Cabo Verde",2015,0.0132719182020122,0.936026507808833,28.7705640294032,66.0728522122158,5.15658375838101,101.818069458008,87.5373077392578,51.9199981689453,"Lower middle income",512394,1749857620.35329
"Cambodia",2015,1.46023762985186,7.20703472529512,31.9296390978305,63.5016253499872,4.56873555218231,116.105628967285,NA,22.5100002288818,"Lower middle income",15623251,24174170369.0738
"Cambodia",2013,1.49510212980529,7.8574997554252,32.2070545178766,63.5353273842827,4.25761809784078,121.020393371582,NA,51.7379760742188,"Lower middle income",15170208,20878690156.7817
"Cambodia",2020,1.47062988552696,-3.55572193406549,31.0778017734446,63.483461320243,5.4387369063124,111.00936126709,54.835750579834,46.8204078674316,"Lower middle income",16725474,31922812945.0881
"Cambodia",2016,1.45860767566845,7.90550116130704,31.8263748057678,63.4382071107551,4.7354180834771,111.129501342773,NA,55.5138931274414,"Lower middle income",15852803,26085259688.3373
"Cambodia",2019,1.26258301009769,7.93695013588524,31.3236501189469,63.4032719741108,5.27307790694231,111.498481750488,52.3081059868316,40.4709091186523,"Lower middle income",16481304,33099747942.811
"Cambodia",2014,1.4824372519955,8.00032074618566,32.0491766731746,63.5438832095417,4.40694011728368,114.556167602539,NA,22.8700008392334,"Lower middle income",15396772,22549052336.9265
"Cambodia",2021,1.47677836241244,3.08984284148661,30.7812858676309,63.6239992263601,5.59471490600897,108.737748740777,57.9598846864777,43.2093391418457,"Lower middle income",16974305,32909177695.673
"Cambodia",2017,1.38176596089867,8.07503915535979,31.7040309990949,63.387132974116,4.90883602678903,110.514587402344,49.1536193243565,45.8778953552246,"Lower middle income",16073372,28191654621.9478
"Cameroon",2018,2.77030987519388,3.95551423892049,42.8972212514819,54.311618102486,2.79116064603211,103.173362731934,46.4729476206602,60.223518371582,"Lower middle income",24806383,36242614248.5756
"Cameroon",2014,3.02592195035823,5.71981814509198,43.3606160283733,53.7621895990157,2.87719437261096,113.995613098145,58.1796493530273,72.4277801513672,"Lower middle income",22059893,30482787768.4783
"Canada",2019,1.46171259938134,1.9084319253883,15.9834514706633,66.4846890068848,17.5318595224519,97.7884292602539,110.858299255371,95.113395690918,"High income",37618495,1696605089927.38
"Canada",2017,1.19543575451553,3.03383490260789,16.1718572232365,67.0699290855306,16.7582136912329,98.7742080688477,111.802101135254,94.8020858764648,"High income",36545075,1620386284372.81
"Canada",2016,1.13153974027004,1.03855093491798,16.2216897081515,67.3902081027321,16.3881021891164,98.5470275878906,111.770286560059,94.4660949707031,"High income",36110803,1572673953080.04
"Canada",2020,1.08436897113225,-5.03823344128351,15.8763047751721,66.1382867429556,17.9854084818723,97.7384185791016,110.079071044922,95.5116195678711,"High income",38028638,1611126164920.14
"Canada",2018,1.43322615679352,2.74296343112555,16.0849877885792,66.7853309042324,17.1296813071885,99.0210189819336,111.452972412109,95.1618194580078,"High income",37072620,1664832887596.13
"Canada",2014,1.00142284689661,2.87346677184995,16.2409277800845,68.1358280352841,15.6232441846315,99.4990463256836,111.855911254883,93.9242706298828,"High income",35434066,1546457292386.53
"Canada",2015,0.760300145238936,0.649970993709132,16.2326789820677,67.7571212622664,16.0101997556659,99.8411407470703,111.930450439453,94.2533645629883,"High income",35704498,1556508816217.14
"Canada",2021,0.553902422386893,5.28695689105889,15.7430879139749,65.7746528539238,18.4822592321013,96.293083190918,109.334312438965,95.9441070556641,"High income",38239864,1696305710720.04
"Canada",2013,1.05338098055318,2.32581357393478,16.2714380359575,68.4998731704546,15.2286887935879,99.3510589599609,111.519577026367,93.7035903930664,"High income",35080992,1503261570659.63
"Canada",2022,1.81192255344382,3.81986633913397,15.5479076554421,65.5113452142292,18.9407471303288,96.0115737915039,108.613220214844,96.1069641113281,"High income",38939056,1761102321572.64
"Canada",2023,2.93227401162387,1.24892730403391,15.3045433897864,65.3373373940366,19.3581192161771,NA,NA,96.3000946044922,"High income",40097761,1783097209318.73
"Cayman Islands",2014,2.53348566839008,2.65452798451271,17.8672052260204,76.1911885705737,5.94160620340589,104.340146353772,96.3011542497377,99.7799987792969,"High income",60160,4578454033.81614
"Cayman Islands",2015,2.43357767472909,2.8331222262961,17.6647605142556,76.1787727622987,6.15646672344567,105.445544554455,97.2377158034529,99.0299987792969,"High income",61642,4708167232.66893
"Central African Republic",2019,1.34469255324203,3.09999999999999,49.0201283049631,48.7913178211798,2.18855387385715,NA,NA,30.8433303833008,"Low income",4944703,1986909345.61394
"Chad",2018,3.35956028710956,2.37403780037786,48.2481371851463,49.7052074391838,2.04665537566992,87.7207489013672,20.7695808410644,25.7535457611084,"Low income",16156531,10195006881.7944
"Chad",2019,3.21991132048391,3.24718191743429,48.1220928242913,49.8294508859726,2.04845628973613,86.5310592651367,20.9835300445557,18.6398696899414,"Low income",16685223,10526057301.7412
"Chile",2021,0.441498091207504,11.3339570691911,18.0965848962091,68.9469814817118,12.9564336220791,99.3652267456055,106.673522949219,91.872428894043,"High income",19456334,273436873982.626
"Chile",2017,1.58394825779579,1.35769537797211,19.3360155192659,68.8509010584832,11.8130834222508,101.396278381348,102.294822692871,88.4800033569336,"High income",18558868,250050047208.954
"Chile",2014,0.996818460180589,1.79264947361806,20.1994688257713,68.8459541557848,10.9545770184439,101.930870056152,99.8654403686523,86.7153854370117,"High income",17864195,237342873662.242
"Chile",2019,1.59911795256016,0.634367533828438,18.7029345739791,68.97100513477,12.3260602912509,101.193206787109,104.405769348145,89.0143051147461,"High income",19197744,261676645409.828
"Chile",2018,1.78538584857741,3.99002947521676,19.0082501150811,68.9280916071827,12.0636582777361,101.538017272949,103.173049926758,88.4322891235352,"High income",18893191,260027117795.385
"Chile",2013,0.95374468290385,3.30850824469113,20.4792936554866,68.8419518588406,10.6787544856729,102.084899902344,99.1520767211914,86.5999984741211,"High income",17687006,233163076989.911
"Chile",2015,1.0215666887643,2.15194249853634,19.9392518422991,68.8110909659556,11.2496571917453,101.712509155273,100.921676635742,88.1600036621094,"High income",18047625,242450355827.827
"Chile",2022,0.495789591494285,2.05874008095333,17.7575564797826,68.9423635045125,13.300080015705,100.192268371582,106.068328857422,90.5999984741211,"High income",19553036,279066228503.412
"Chile",2016,1.2094154366484,1.75303874553305,19.659393739765,68.7957087507807,11.5448975094543,101.585189819336,101.488136291504,87.2114181518555,"High income",18267221,246700604504.172
"Chile",2020,0.896491953505063,-6.14347479224092,18.4128141664409,68.9603700944275,12.6268157391316,99.7043991088867,103.691688537598,90.1100006103516,"High income",19370624,245600606661.894
"Chile",2023,0.53962870957127,0.218780666901552,17.3843388990243,68.922342041123,13.6933190598527,NA,NA,92.221076965332,"High income",19658835,279676771459.229
"China",2020,0.238040870229883,2.23863835634639,17.9548374596279,69.3999249325134,12.6452376078587,99.0244293212891,NA,95.8399963378906,"Upper middle income",1411100000,14616413683019.5
"Colombia",2016,0.990548549326914,2.08738250162794,23.9158548197047,68.6955683932159,7.38857678707939,115.443153381348,98.4156265258789,76.2099990844727,"Upper middle income",47437512,299618678572.191
"Colombia",2013,0.948709328751527,5.13399351995672,25.658665088736,67.7967037079735,6.54463120329054,119.084732055664,98.1015014648438,73.8199996948242,"Upper middle income",46151584,272793056063.57
"Colombia",2015,0.864942376762699,2.95590137527523,24.489485993707,68.40138641436,7.10912759193297,115.497077941895,97.6741180419922,75.129997253418,"Upper middle income",46969940,293492370193.166
"Colombia",2018,1.83913784861099,2.56432428277704,22.6839423675104,69.4027046556989,7.91335297679074,111.699180603027,100.373336791992,78.0400009155273,"Upper middle income",49024465,311479214511.795
"Colombia",2021,1.09642825395961,10.8011981904878,21.2984499241802,69.9880002555668,8.71354982025291,106.488357543945,102.987998962402,81.0699996948242,"Upper middle income",51188173,330530695024.886
"Colombia",2019,1.78615507724394,3.18685539245533,22.1227454885225,69.6869318607033,8.19032265077422,109.355506896973,101.989349365234,79.25,"Upper middle income",49907985,321405606655.842
"Colombia",2014,0.892711563926366,4.49903000110972,25.0633611156397,68.1178419736866,6.81879691067376,116.080101013184,97.3632888793945,74.620002746582,"Upper middle income",46565429,285066097496.814
"Colombia",2020,1.43632167326968,-7.18591413760859,21.6647057902778,69.8711687670931,8.46412544262915,107.083686828613,101.499450683594,81.4199981689453,"Upper middle income",50629997,298309675728.093
"Colombia",2023,1.12092864340999,0.610409565791542,20.5978461579186,70.0267258065464,9.37542803553496,NA,NA,82.2666397094727,"Upper middle income",52321152,356787344438.831
"Colombia",2017,1.45147726169193,1.35936086788746,23.3055636111038,69.041951439359,7.65248494953718,113.305381774902,99.2193298339844,76.9700012207031,"Upper middle income",48131078,303691577641.583
"Colombia",2022,1.06829295530618,7.2888838865514,20.9532806420881,70.0401630768335,9.00655628107831,104.830467224121,101.573776245117,81.6399993896484,"Upper middle income",51737944,354622693594.661
"Comoros",2014,2.17541496047092,2.10665758942474,39.9669010298629,55.8210266302648,4.21207233987231,110.691101016974,60.5502056158561,24.4256782531738,"Lower middle income",711503,955071579.822191
"Comoros",2022,1.93837687010445,2.60301031927843,37.7186557466662,57.8260535994284,4.45529065390536,NA,NA,47.029109954834,"Lower middle income",834188,1141481697.75024
"Comoros",2021,1.97631988078353,2.00016198933761,38.0040565918395,57.5402924437269,4.45565096443363,85.2560668776885,NA,37.6526031494141,"Lower middle income",818174,1112522619.16897
"Congo, Dem. Rep.",2020,3.22098049233111,1.73542276681493,46.0525923753014,50.8613314066326,3.08607621806597,118.195663452148,NA,65.8543701171875,"Low income",95989998,45259708653.5116
"Congo, Dem. Rep.",2018,3.34726508426912,5.82112109969025,45.867494578023,51.0356303771569,3.09687504482002,113.982978820801,NA,61.997631072998,"Low income",90047644,42619016590.6593
"Congo, Dem. Rep.",2013,3.40170849300578,8.48195663608755,45.9560232668436,50.9022746520143,3.14170208114209,103.082382202148,39.87744140625,56.7900009155273,"Low income",75789395,32396822644.9769
"Congo, Dem. Rep.",2016,3.54100823238224,2.39939891133452,45.915744496713,50.9689468041245,3.11530869916254,NA,NA,63.560001373291,"Low income",83956415,38827503534.0756
"Congo, Rep.",2015,2.41638740919909,0.415193061293763,41.9067928402504,55.4321113712672,2.6610957884824,107.361083312405,NA,71.9914169311523,"Lower middle income",5097581,12434793867.3568
"Costa Rica",2022,0.429453043658398,4.55149177958398,19.8396344419345,68.8983029418227,11.2620626162428,107.611297607422,133.159164428711,83.8899993896484,"Upper middle income",5081765,69549856033.0247
"Costa Rica",2015,1.06246520512643,3.65208096802883,22.5297805320568,68.7112504393645,8.75896902857875,106.731491088867,117.916282653809,80.9300003051758,"Upper middle income",4818038,56441920820.5194
"Costa Rica",2013,1.11328546681261,2.49476611209954,23.4234747135744,68.4238638023794,8.15266148404619,109.402267456055,110.994750976562,80.9599990844727,"Upper middle income",4716147,52590433317.5191
"Costa Rica",2014,1.07499865275958,3.54210987765977,22.9642578672779,68.5844636980952,8.45127843462687,108.512069702148,115.650009155273,81.1800003051758,"Upper middle income",4767119,54453244250.7631
"Costa Rica",2019,0.838278384859255,2.41751181762513,21.1293168479945,68.7652107333185,10.105472418687,110.891120910645,137.016326904297,82.7600021362305,"Upper middle income",4999553,64382494195.8
"Costa Rica",2020,0.6929953994471,-4.27335432161462,20.7362762001621,68.778633459931,10.4850903399069,109.79963684082,135.900039672852,82.8899993896484,"Upper middle income",5034320,61631202097.7205
"Costa Rica",2023,0.46646444898736,5.11192183224598,19.3309875741488,68.9501697719461,11.7188426539051,NA,NA,86.1299743652344,"Upper middle income",5105525,73105190307.8725
"Costa Rica",2018,0.904494518403601,2.6159044043379,21.4468038157109,68.8109769257363,9.74221925855286,108.677192687988,128.475006103516,81.75,"Upper middle income",4957818,62862779082.5908
"Costa Rica",2016,1.01105286688192,4.20432325175899,22.1206092668016,68.8045144876282,9.07487624557029,107.027153015137,119.994560241699,80.9599990844727,"Upper middle income",4866998,58814921621.3159
"Costa Rica",2021,0.508564932290693,7.93576224743147,20.2971746471706,68.8374526616913,10.8653726911381,108.852310180664,141.202713012695,83.7600021362305,"Upper middle income",5059988,66522107766.4296
"Costa Rica",2017,0.944345948457895,4.1576989627609,21.7587214952769,68.8412507833526,9.40002772137051,106.603530883789,123.834991455078,81.5100021362305,"Upper middle income",4913177,61260269007.514
"Cote d'Ivoire",2014,2.42493545476417,9.37199994240375,42.0260540912304,55.4196918298969,2.55425407887274,82.8493499755859,38.4756011962891,35.689998626709,"Lower middle income",24527395,42739891584.4862
"Cote d'Ivoire",2016,2.90076810314127,7.17275963956332,42.3479845411618,55.1553133893468,2.49670206949143,90.1342468261719,43.8949584960938,34.2814598083496,"Lower middle income",25989405,49101205368.91
"Cote d'Ivoire",2013,1.99427988380631,10.7602131311256,42.1525339700867,55.3222585566853,2.52520747322798,80.6249084472656,NA,34.9165420532227,"Lower middle income",23939775,39077544167.6054
"Cote d'Ivoire",2022,2.51622934953513,6.2178509127107,41.6626736856277,55.8045052933374,2.53282102103497,94.6489410400391,55.0669403076172,44.4454612731934,"Lower middle income",30395002,67576850897.4936
"Cote d'Ivoire",2019,2.61916841176218,6.72137167584978,42.2978547625051,55.2137233737626,2.48842186373225,93.5452194213867,52.2111511230469,27.340274810791,"Lower middle income",28193009,59010785540.9857
"Cote d'Ivoire",2021,2.47398737434864,7.06332910205232,41.9798856848812,55.5125937101364,2.50752060498244,92.7193832397461,57.2815093994141,32.7200012207031,"Lower middle income",29639736,63620992438.4818
"Croatia",2016,-1.08634598144505,3.46112947356767,14.5783086363926,65.7635720154282,19.6581193481792,98.7909393310547,103.719436645508,98.7385330200195,"High income",4106867,52770556703.1252
"Croatia",2015,-1.19410185876662,2.32317515803855,14.6226147322896,66.146261641978,19.2311236257324,99.4907684326172,102.981330871582,98.8532867431641,"High income",4151725,51005200669.6941
"Croatia",2014,-0.766382113019195,-0.5571501973061,14.7005945520762,66.4871658325589,18.8122396153648,98.908317565918,102.528923034668,98.9027862548828,"High income",4201598,49847163744.5929
"Croatia",2017,-1.60675520461679,3.28095812140658,14.5707981957247,65.2937585801138,20.1354432241616,99.2321090698242,104.214416503906,99.0142135620117,"High income",4041407,54501936568.9879
"Croatia",2018,-1.31087324504252,2.90468149344008,14.5666392040683,64.7650804945653,20.6682803013664,98.8812103271484,104.960083007812,99.0512847900391,"High income",3988775,56085044234.0737
"Croatia",2020,-0.894863743984583,-8.31164257884687,14.451772123022,63.8820518579105,21.6661760190675,99.4886703491211,105.585418701172,99.2136993408203,"High income",3914206,53017808755.2998
"Croatia",2013,-0.622679127955842,-0.125449826211494,14.809621210648,66.7137862494026,18.4765925399494,98.5737533569336,101.800498962402,97.9959030151367,"High income",4233922,50126443322.4666
"Croatia",2022,-0.603521952188318,7.28793643206565,14.3009249744115,63.2143699032538,22.4847051223347,100.527976989746,105.577796936035,99.2885055541992,"High income",3855641,64066840476.8464
"Croatia",2019,-0.992302961069294,3.10043911443758,14.5349944918069,64.2827891136582,21.1822163945349,99.0015106201172,105.13597869873,99.0555572509766,"High income",3949390,57823926882.8566
"Croatia",2021,-0.904000889163613,12.6317003277712,14.3800403097378,63.519292362808,22.1006673274542,99.7441482543945,105.876342773438,99.205940246582,"High income",3878981,59714859477.6201
"Cuba",2019,-0.216424863402489,-0.163087223606624,15.9515574903218,68.6787371406008,15.3697053690774,100.981201171875,101.089462280273,91.9494781494141,"Upper middle income",11202846,91020354637.1474
"Curacao",2020,-1.59676619476798,-18.4384703505393,16.3194932384957,68.7533104887092,14.9271962727951,113.350883483887,129.470260620117,99.4000015258789,"High income",154947,2308902993.49337
"Curacao",2018,-0.525178744011738,-2.10411133101029,17.1816271852894,68.5651504679665,14.2532223467441,NA,NA,99.4959869384766,"High income",159336,2924640436.8364
"Cyprus",2022,1.06174678712373,7.36562252428676,16.033258973839,69.8887987561685,14.0779422699926,97.0016403198242,104.005722045898,97.4122848510742,"High income",1331370,29220507767.0398
"Cyprus",2017,1.377808546931,5.75083246014417,15.9324645980887,71.117190760722,12.9503446411893,99.3066864013672,100.332550048828,95.5828704833984,"High income",1254275,22438246478.4654
"Cyprus",2016,1.43370522557944,6.57359100513114,15.9428912083582,71.326455758874,12.7306530327678,98.5455093383789,99.1193084716797,95.0100021362305,"High income",1237112,21218032952.0546
"Cyprus",2020,1.20329712567783,-3.22063433575047,15.9491955254282,70.4395285842361,13.6112758903357,100.735160827637,101.427406311035,95.9899978637695,"High income",1302247,24433463207.6976
"Cyprus",2019,1.24612155650882,5.87559123003267,15.9283857612452,70.6890608830614,13.3825533556934,100.477699279785,100.850433349609,95.4170227050781,"High income",1286671,25246562673.7657
"Cyprus",2015,1.46213136863434,3.41892299033393,15.9803821479514,71.5197152279025,12.499902624146,99.3001174926758,99.7783126831055,93.8899993896484,"High income",1219502,19909278416.8575
"Cyprus",2014,1.50114149056878,-1.77606181111089,16.0713030157668,71.6676353521237,12.2610616321095,99.152717590332,99.4167327880859,93.9100036621094,"High income",1201801,19251098194.7843
"Cyprus",2018,1.30393306995205,6.27166730438427,15.9248074444958,70.908704590838,13.1664879646662,99.7954406738281,100.253517150879,95.5800018310547,"High income",1270737,23845498646.5325
"Cyprus",2013,1.57480485967812,-6.58747695700073,16.2170209351336,71.7655281929563,12.0174508719101,99.7619781494141,98.3116912841797,94.3600006103516,"High income",1183895,19599191958.4445
"Cyprus",2021,1.1499785451605,11.3877633552,15.9894588093829,70.1591161068193,13.8514250837978,99.1028137207031,102.499496459961,96.9952926635742,"High income",1317309,27215888177.2701
"Denmark",2014,0.507053283010163,1.27799979380644,17.1096783475797,64.4747664425739,18.4155552098464,101.176940917969,132.451354980469,98.7205810546875,"High income",5643475,295539545041.068
"Denmark",2015,0.706423849687002,2.10441458712587,16.9156945448045,64.3803658918722,18.7039395633233,100.882141113281,133.795471191406,98.6774673461914,"High income",5683483,301758922337.637
"Denmark",2016,0.780392644135167,3.07304547479855,16.7748652674723,64.2825644561006,18.9425702764271,101.041496276855,131.441299438477,98.7528457641602,"High income",5728010,311032111245.335
"Denmark",2013,0.416901360752097,1.39267347017295,17.3294991881603,64.6171531249485,18.0533476868912,101.299331665039,131.692306518555,98.7170486450195,"High income",5614932,291810211144.337
"Denmark",2019,0.358130915892652,1.7114009439059,16.4286530578059,63.8569667124335,19.7143802297606,100.551002502441,129.311126708984,98.7256927490234,"High income",5814422,332088518914.51
"Denmark",2017,0.643350903737356,3.05647724393516,16.6698524657044,64.1478791251183,19.1822684091773,100.778030395508,130.324432373047,98.7639465332031,"High income",5764980,320538736946.88
"Denmark",2018,0.495838925879129,1.86000748885226,16.552020172513,64.0075911860982,19.4403886413888,100.749008178711,129.849563598633,98.7071151733398,"High income",5793636,326500781458.764
"Denmark",2022,0.787502464739957,1.54017310709567,16.0362862106758,63.5629737128517,20.4007400764725,100.244453430176,130.326995849609,98.9231033325195,"High income",5903037,355650135472.963
"Denmark",2020,0.291641177476633,-1.7801059882175,16.3064495938459,63.6927358686314,20.0008145375227,100.459587097168,129.995193481445,98.8004837036133,"High income",5831404,326176991303.13
"Denmark",2021,0.433414489409722,7.38206628977555,16.1739311718656,63.5779425764326,20.2481262517018,100.308418273926,131.772018432617,98.9040374755859,"High income",5856733,350255593023.122
"Djibouti",2017,1.64286125399062,5.458091517212,32.8238250237832,62.9089421576058,4.26723281861097,NA,NA,39.2820701599121,"Lower middle income",1054841,2738843335.30256
"Dominica",2021,-0.550548598917183,6.8905494167316,18.5254903127883,69.0634207315259,12.4110889556858,92.4860687255859,87.1714172363281,79.7306976318359,"Upper middle income",67202,505325005.612993
"Dominican Republic",2019,1.0333133463082,5.05216802016253,27.9439906771072,65.4731826616995,6.58282666119334,112.333610534668,81.8562393188477,73.4899978637695,"Upper middle income",10894043,89287393475.0793
"Dominican Republic",2021,1.04082961778304,12.2719902347896,27.4364069035797,65.5342478167008,7.02934527971945,96.8704605102539,75.7044830322266,74.2600021362305,"Upper middle income",11123476,93508047621.0655
"Dominican Republic",2022,0.959629735113671,4.85832403582451,27.1919594566107,65.5209074278185,7.28713311557077,100.492286682129,76.5283203125,74.3000030517578,"Upper middle income",11230734,98050971574.0699
"Dominican Republic",2017,1.08787494846018,4.66670467732366,28.5092271443388,65.3577258050953,6.13304705056594,108.019439697266,79.9406814575195,70.9599990844727,"Upper middle income",10666843,79446042998.4211
"Dominican Republic",2020,1.04334076460591,-6.72023937283404,27.6825804165948,65.5074489249021,6.80997065850313,105.925239562988,80.0444107055664,73.120002746582,"Upper middle income",11008300,83287066903.7897
"Dominican Republic",2018,1.07428473724925,6.98252758458058,28.2130950286975,65.4341030676578,6.35280190364479,105.8583984375,80.2159271240234,71.9499969482422,"Upper middle income",10782053,84993384865.6436
"Dominican Republic",2016,1.11122425240832,6.65920026269582,28.8385095119102,65.2322227997638,5.92926768832602,110.704879760742,80.0944671630859,70.2600021362305,"Upper middle income",10551430,75903835172.1732
"Dominican Republic",2023,0.891159203732232,2.36061568723294,26.9140017944156,65.5051370917044,7.58086111388,94.7164535522461,72.2825393676758,67.5515289306641,"Upper middle income",11331265,100365578190.532
"Dominican Republic",2013,1.21814094005704,4.87520509332271,29.8367468761136,64.7350689743038,5.4281841495826,109.52823638916,79.171501159668,67.3099975585938,"Upper middle income",10193833,62171219427.0016
"Dominican Republic",2015,1.14988204322301,6.9270187716221,29.1898698100371,65.0659009361821,5.74422925378078,112.013488769531,79.9378890991211,69.5100021362305,"Upper middle income",10434829,71164826836.5281
"Dominican Republic",2014,1.18674032060011,7.05046368965911,29.5305305521215,64.8892119186343,5.58025752924414,108.064552307129,80.1145401000977,69.0800018310547,"Upper middle income",10315528,66554578678.1207
"Ecuador",2020,1.18125258230486,-9.24509637743429,26.3938617118386,66.0443856227703,7.56175266539115,98.1471405029297,94.6894073486328,83.3399963378906,"Upper middle income",17546065,93971273121.5556
"Ecuador",2019,1.68935479627168,0.165403532646692,26.8591794998639,65.732908693337,7.40791180679909,98.3505783081055,94.7315368652344,82.9400024414062,"Upper middle income",17340021,103544017315.435
"Ecuador",2015,1.43093059839379,0.119692109287612,29.0480335787806,64.3119900284178,6.63997639280165,101.185890197754,100.791786193848,82.6600036621094,"Upper middle income",16266225,97209558000
"Ecuador",2021,0.774314023514489,9.818417748417,25.9766482079736,66.352985667233,7.67036612479336,98.2059173583984,95.227783203125,83.9800033569336,"Upper middle income",17682454,103197765280.136
"Ecuador",2017,1.52946083980042,5.97039880954841,27.9513711595371,65.0447019080708,7.00392693239207,98.248161315918,97.3971099853516,82.870002746582,"Upper middle income",16759519,102304671535.156
"Ecuador",2014,1.43205886583809,4.22606520388456,29.5684264877395,63.9831015967478,6.44847191551272,105.968299865723,102.590339660645,81.1100006103516,"Upper middle income",16035124,97093344927.4784
"Ecuador",2018,1.71572391035149,1.044295546927,27.40143850747,65.4040358199557,7.19452567257434,98.9310989379883,96.0210418701172,82.5699996948242,"Upper middle income",17049547,103373034664.296
"Ecuador",2016,1.45809147770557,-0.687954245877947,28.5021025421871,64.6722079914688,6.82568946634407,99.030403137207,99.5687026977539,82.8600006103516,"Upper middle income",16505139,96540800718.3398
"Ecuador",2013,1.49740896116979,7.21123653679159,30.0653486852687,63.6707396710756,6.26391164365569,104.89217376709,100.659210205078,79.25,"Upper middle income",15807128,93156490881.1886
"Ecuador",2022,0.796723652034201,6.18613907258741,25.5167430556853,66.6328553177793,7.85040162653543,99.5941925048828,94.7636413574219,83.8199996948242,"Upper middle income",17823897,109581722560.167
"Egypt, Arab Rep.",2019,1.75497438173801,5.55209307156956,33.7421026726152,61.6643683303097,4.5935289970751,97.8171081542969,81.1705169677734,64.9921798706055,"Lower middle income",107553158,398080548973.052
"Egypt, Arab Rep.",2016,2.03468294927084,4.34664345555447,34.1221179024099,61.6008772488617,4.27700484872835,95.4257583618164,78.5734024047852,60.7817344665527,"Lower middle income",101644589,343682967575.512
"Egypt, Arab Rep.",2017,1.99817843887244,4.18122099994778,34.104326001015,61.5289800193223,4.36669397966263,95.7913284301758,79.361198425293,60.2567596435547,"Lower middle income",103696057,358053111989.023
"Egypt, Arab Rep.",2018,1.89713831833082,5.3311086189448,33.9830711245326,61.5446717092144,4.47225716625305,96.5830383300781,79.9868392944336,63.2128257751465,"Lower middle income",105682094,377141312302.669
"Egypt, Arab Rep.",2014,2.27643956620182,2.91591187985748,33.9580258125986,61.9034207116198,4.13855347578159,94.0423736572266,75.6678085327148,54.2448120117188,"Lower middle income",97528654,315569804751.572
"Egypt, Arab Rep.",2021,1.4908053906311,3.29064601202211,33.1918381396874,62.0672499568481,4.74091190346445,99.7501068115234,85.5924224853516,66.6533813476562,"Lower middle income",110957008,425777537421.996
"Egypt, Arab Rep.",2015,2.09892554805563,4.37201907790141,34.0618753661117,61.7368302860934,4.20129434779494,NA,NA,57.9744682312012,"Lower middle income",99597342,329366576819.407
"Egypt, Arab Rep.",2022,1.48609697540294,6.58784560886967,32.8513404037593,62.3202560966817,4.82840349955892,91.5901794433594,NA,66.6084289550781,"Lower middle income",112618250,453827104224.605
"Egypt, Arab Rep.",2020,1.62495386951696,3.55016483786838,33.4741409316525,61.8346774314352,4.6911816369123,98.8963928222656,83.1626281738281,66.1075897216797,"Lower middle income",109315124,412213064649.087
"Egypt, Arab Rep.",2013,2.30526364315625,2.18546605362143,33.906155789662,62.0110954010074,4.08274880933054,95.5598602294922,75.8195037841797,53.7680931091309,"Lower middle income",95333553,306628779736.183
"El Salvador",2020,0.198362574897496,-7.893101359867,26.3333356590365,65.9569342324021,7.70973010856142,90.9966583251953,66.2030334472656,61.9300003051758,"Lower middle income",6234673,23744951345.511
"El Salvador",2021,0.338002420196154,11.9047617015957,25.9958408074195,66.2417157632504,7.76244342933013,89.3974380493164,66.0354766845703,62.3499984741211,"Lower middle income",6255782,26571731219.3539
"El Salvador",2019,0.0403628806830014,2.43747159065784,26.6748281488368,65.6988091655561,7.62636268560709,92.2698364257812,66.0821228027344,61.5499992370605,"Lower middle income",6222318,25779775126.5993
"El Salvador",2014,0.392073398284828,1.7293998423459,29.2039695243597,63.7658396012952,7.03019087434518,106.597427368164,72.4806365966797,57.2099990844727,"Lower middle income",6162955,22888906230.2134
"El Salvador",2022,0.39146192798287,2.79955216943868,25.617058623933,66.521310462096,7.86163091397109,89.3291473388672,65.3314666748047,63.810001373291,"Lower middle income",6280319,27315620697.1628
"El Salvador",2013,0.405850184762601,2.18295232499635,29.8840301887702,63.1773125178882,6.93865729334162,107.934982299805,73.2414321899414,56.4099998474121,"Lower middle income",6138839,22499794814.169
"El Salvador",2018,0.100922206462958,2.4124442237792,27.0434896899944,65.4569293342278,7.49958097577779,97.4464263916016,67.7265930175781,60.6300010681152,"Lower middle income",6219807,25166352435.5773
"El Salvador",2015,0.335654632494608,2.40000008852115,28.5774166873057,64.2917607348961,7.13082257779818,104.58032989502,70.6981887817383,58.4099998474121,"Lower middle income",6183676,23438240000
"El Salvador",2023,0.465531145369394,3.51097706608982,25.2103928855349,66.789288870462,8.00031824400313,91.0513610839844,65.7442016601562,64.5400009155273,"Lower middle income",6309624,28274665875.3002
"El Salvador",2017,0.205133928097967,2.24761908134138,27.4802252212851,65.1496366761361,7.37013810257883,98.935417175293,66.9067306518555,58.5499992370605,"Lower middle income",6213533,24573529736.8617
"El Salvador",2016,0.276539934558171,2.53906241135864,27.9984943876995,64.7564156847839,7.2450899275166,102.411903381348,69.1290283203125,58.6500015258789,"Lower middle income",6200800,24033351541.724
"Estonia",2018,0.348039137980543,3.69969444001093,16.3638660493531,63.9606434212114,19.6754905294355,97.4559478759766,112.759696960449,99.7902069091797,"High income",1321977,26326305513.7363
"Estonia",2017,0.121070631466687,5.63467432229395,16.2755057310685,64.2570788686562,19.4674154002753,97.2500534057617,113.249786376953,99.8027725219727,"High income",1317384,25387061799.8453
"Estonia",2016,0.0291122255540077,3.09301583441155,16.1513213142237,64.6626626611412,19.186016024635,97.2923431396484,111.596199035645,99.7658309936523,"High income",1315790,24032886893.1699
"Estonia",2019,0.371554389037477,3.72665318178397,16.4349537597936,63.6685115518553,19.8965346883511,98.1577224731445,112.287200927734,99.7602233886719,"High income",1326898,27307395615.8101
"Estonia",2020,0.197559185177642,-2.88381004140328,16.4383705875783,63.3615345768253,20.2000948355964,98.3466720581055,112.527702331543,99.7799987792969,"High income",1329522,26519902198.9957
"Estonia",2015,0.0655525295417938,1.83815704837467,16.0143270529813,65.0969209844087,18.88875196261,97.1191482543945,108.18879699707,99.7714462280273,"High income",1315407,23311847750.9394
"Estonia",2021,0.105996956310127,7.15444748334397,16.3814966703573,63.1847055320839,20.4337977975588,98.8146667480469,113.01091003418,99.8201675415039,"High income",1330932,28417254674.457
"Estonia",2022,1.33655151148286,0.0604278323325786,16.2331590118151,63.1367948024264,20.6300461857585,99.2638168334961,112.551849365234,99.882698059082,"High income",1348840,28434426605.4652
"Estonia",2013,-0.355891802625531,1.75649461188266,15.7387078649341,66.0628361595682,18.1984559754977,97.6795196533203,110.521713256836,99.7997589111328,"High income",1317997,22154913169.8562
"Estonia",2014,-0.262256175097854,3.32278753598732,15.8858596586258,65.5532115284544,18.5609288129198,97.5922622680664,107.685821533203,99.7722778320312,"High income",1314545,22891073863.273
"Eswatini",2022,1.01620740015869,-0.0676192583464115,33.9505618309376,62.0343969418742,4.01504122718824,NA,NA,70.7695617675781,"Lower middle income",1218917,4366430077.90613
"Eswatini",2021,1.15567266949473,3.39933858133693,34.2849932475187,61.7921031399556,3.92290361252568,NA,NA,90.8783493041992,"Lower middle income",1206593,4369384623.38277
"Eswatini",2016,0.584038792817515,3.5289979506086,36.376187193211,60.1487593599868,3.47505344680222,123.177932739258,85.9756088256836,87.9181060791016,"Lower middle income",1149507,4015035098.77479
"Eswatini",2023,0.946270731993531,5.01490471257054,33.6689947062428,62.1841340066607,4.14687128709653,113.53881072998,NA,91.7838973999023,"Lower middle income",1230506,4585402385.65415
"Ethiopia",2013,2.71847231803133,10.5822700482672,44.0167937522897,53.1134705274755,2.86973572023481,NA,NA,34.7310981750488,"Low income",98438751,53065618849.7063
"Ethiopia",2019,2.69123978261516,8.3640856990789,40.8607547349708,56.1010549033282,3.03819036170098,NA,NA,22.2894897460938,"Low income",115737383,89640011587.0442
"Ethiopia",2016,2.70788250761242,9.43348265784402,42.300727124592,54.7458515074501,2.95342136795797,NA,NA,20.0208206176758,"Low income",106718162,70682351658.2336
"Ethiopia",2021,2.67249538803955,5.64153071734657,40.0647936913075,56.8415943336368,3.0936119750557,102.679576994027,NA,43.5823020935059,"Low income",122138588,100435279209.681
"Fiji",2014,0.134464835572885,5.60351489641585,29.796111420801,65.1216318497098,5.08225672948922,96.0214244931621,88.2670005042338,99.8707962036133,"Upper middle income",917585,4480790593.48834
"Fiji",2016,0.0639915048086223,2.44565200769968,29.4539832848473,65.2171098582846,5.32890685686807,98.6499361820699,88.7946105352381,97.2686538696289,"Upper middle income",919166,4796997076.03127
"Fiji",2021,0.190863715994045,-4.88103605578388,28.0081181528312,65.8882134064062,6.10366844076268,110.814965251253,92.1540730010089,91.1847076416016,"Upper middle income",916711,4115996320.43426
"Finland",2016,0.287421401687637,2.57193423155972,16.2879910704619,63.0282055999224,20.6838033296157,99.5080413818359,152.471435546875,98.8100051879883,"High income",5495303,239208760192.969
"Finland",2020,0.143641197212847,-2.49103620977239,15.6603302365519,61.8489868728584,22.4906828905898,99.8175811767578,143.122909545898,100,"High income",5529543,247120696616.016
"Finland",2015,0.329383885818507,0.46650351789539,16.3570111050433,63.4339270226978,20.2090618722589,99.5672302246094,150.819213867188,100,"High income",5479531,233210733506.25
"Finland",2018,0.132641040791912,1.19297772988504,16.069177706368,62.3153408434214,21.6154814502107,99.7032012939453,153.651428222656,100,"High income",5515525,250058686750.391
"Finland",2019,0.110191690491055,1.34973843826123,15.876109406441,62.0624967514881,22.061393842071,99.5557479858398,144.613204956055,100,"High income",5521606,253433824963.672
"Finland",2014,0.413560207519414,-0.47806831857902,16.401937570903,63.9319576160027,19.6661048130943,99.6617202758789,147.413314819336,100,"High income",5461512,232127848925
"Finland",2013,0.460723772785295,-0.979741028068631,16.4222521825031,64.5043907459626,19.0733570715343,99.6918487548828,145.653442382812,100,"High income",5438972,233242909380.078
"Finland",2017,0.234670531705453,3.30337016113322,16.198971533637,62.6552811381026,21.1457473282604,99.4682083129883,153.583709716797,99.9999771118164,"High income",5508214,247110711000
"Finland",2021,0.207288594407348,2.73471348589543,15.4543387339099,61.6707046917791,22.8749565743109,99.353630065918,143.361343383789,100,"High income",5541017,253878739632.812
"Finland",2022,0.271944526506117,1.4500480727209,15.2209461190717,61.5502866698304,23.2287672110978,98.6190185546875,144.852462768555,99.9632263183594,"High income",5556106,257560103403.906
"France",2020,0.324557781035362,-7.44064593044142,17.439158040113,61.8134010588151,20.747440901072,102.651626586914,104.566566467285,97.9209060668945,"High income",67601110,2413981867221.76
"France",2022,0.326992498564887,2.57084047443969,17.0314157651472,61.5912351189772,21.3773491158756,102.720581054688,104.256248474121,96.0391845703125,"High income",68065015,2646451031159.26
"France",2021,0.356902332389048,6.88233786590355,17.2452061536194,61.7040398746753,21.0507539717053,102.580406188965,104.522842407227,100,"High income",67842811,2580120255345.61
"France",2019,0.332559129027963,2.02744647639635,17.6087445052606,61.9811666181521,20.4100888765873,102.447647094727,104.07689666748,97.6699981689453,"High income",67382061,2608036639287.32
"France",2018,0.358494581816163,1.64590872932709,17.7811833774633,62.1793955597294,20.0394210628073,102.464408874512,103.773330688477,97.5416412353516,"High income",67158348,2556210832827.89
"France",2013,0.516915013016667,0.781756445913402,18.4442070907481,63.6262148936628,17.9295780155891,102.276443481445,104.376602172852,97.9000015258789,"High income",65997932,2392826743884.24
"France",2016,0.263868788565368,0.860031082016107,18.0831627362917,62.632173096763,19.2846641669454,102.260429382324,103.308097839355,97.629997253418,"High income",66724104,2463489569508.32
"France",2017,0.29020211635109,2.08361485062076,17.9310747730834,62.3980765439097,19.6708486830069,102.417221069336,103.756080627441,97.5699996948242,"High income",66918020,2514819204022.09
"France",2023,0.326319200823468,0.936487502671483,16.7847783333666,61.4660792751563,21.7491423914771,NA,NA,100,"High income",68287487,2671234714330.38
"France",2015,0.355569240058298,1.06675473488909,18.244961483963,62.9034115542196,18.8516269618174,101.989639282227,103.396041870117,97.5199966430664,"High income",66548272,2442483452642.5
"France",2014,0.474847846171767,0.997832937998666,18.3460677450324,63.2660590407766,18.387873214191,101.280349731445,103.425827026367,97.5400009155273,"High income",66312067,2416703157283.96
"Gambia, The",2020,2.3686612920428,0.591487287873974,42.0440797882606,55.1896892099263,2.76623100181319,91.4117934346547,NA,40.7495193481445,"Low income",2515733,1687449652.95674
"Gambia, The",2015,2.73428839872651,4.0580738039996,43.5509269602689,53.834249856936,2.6148231827951,79.2050431642833,NA,38.6100006103516,"Low income",2224529,1378176608.93204
"Gambia, The",2018,2.42294300881827,7.23489033258579,42.76526567407,54.5641373343913,2.6705969915387,85.9553346222924,NA,37.4267311096191,"Low income",2399632,1579264608.77791
"Gambia, The",2023,2.30124049704572,4.79750895186164,40.7308535644461,56.2912887339175,2.97785770163636,93.7452503542387,NA,53.9002342224121,"Low income",2697845,1963596060.40794
"Georgia",2019,-0.171565740223868,5.38071926589951,20.8031664152437,64.4923615039024,14.7044720808539,101.853393554688,111.499992370605,99.1900024414062,"Upper middle income",3720161,18510819818.4957
"Georgia",2015,0.157481405176007,3.35102350265353,19.4220735591895,66.4359840145481,14.1419424262625,107.67700958252,106.208358764648,99.1479797363281,"Upper middle income",3725276,15223796148.8396
"Georgia",2016,0.0598165991047394,3.45021517996871,19.8421463601417,65.8971898365452,14.2606638033131,104.187187194824,107.345481872559,99.3099975585938,"Upper middle income",3727505,15749049874.5344
"Georgia",2017,0.0133860746662629,5.15990261658827,20.2257848235329,65.3998342675011,14.374380908966,103.245559692383,109.0791015625,99.3099975585938,"Upper middle income",3728004,16561685511.0983
"Georgia",2014,0.0469539002549217,4.09049059581743,19.0030729659018,66.9676005173329,14.0293265167653,109.708587646484,105.019508361816,98.7699966430664,"Upper middle income",3719414,14730184213.8494
"Georgia",2018,-0.0390365463489613,6.062036412677,20.5458306026783,64.9358595812196,14.5183098161021,101.231880187988,111.162422180176,97.787467956543,"Upper middle income",3726549,17565660917.3341
"Georgia",2021,-0.379636607027231,10.6442336580969,21.173350269015,63.8378060056736,14.9888437253115,102.966720581055,105.999618530273,99.5020217895508,"Upper middle income",3708610,19192793472.268
"Georgia",2013,-0.300972141406188,5.13288531209382,18.7595707675647,67.3865651560398,13.8538640763955,110.558212280273,105.448738098145,98.8142776489258,"Upper middle income",3717668,14151325572.1376
"Georgia",2022,0.104889950638883,10.9585321385624,21.1971908278825,63.7158878760804,15.086921296037,104.548118591309,103.779502868652,99.3499984741211,"Upper middle income",3712502,21296041913.2144
"Georgia",2020,0.0686562494680967,-6.2904717853839,21.0003324834193,64.1121823294811,14.8874851870996,101.76244354248,107.726676940918,99.2970886230469,"Upper middle income",3722716,17346401920.57
"Georgia",2023,0.0802640328443946,7.8322012152783,21.0408058638075,63.6417358197995,15.317458316393,103.337898254395,104.344261169434,99.474494934082,"Upper middle income",3715483,22963990766.7474
"Germany",2021,0.0423270572552137,3.66999986156735,13.8577309430111,64.007731691245,22.1345373657439,101.346549987793,101.203536987305,99.0024642944336,"High income",83196078,3652205602572.65
"Germany",2014,0.416877359168292,2.16949892879079,13.1791375303406,65.8621937797938,20.9586686898656,102.62181854248,103.303871154785,100,"High income",80982500,3367906396055.51
"Germany",2019,0.22551987421288,0.987893349167578,13.6625971101334,64.709009583285,21.6283933065816,102.547470092773,101.152557373047,99.0888977050781,"High income",83092962,3673343090202.78
"Germany",2020,0.0816931586494595,-4.09513749064689,13.7617263334875,64.3935455490144,21.8447281174981,101.996658325195,101.307800292969,100,"High income",83160871,3522914640155.8
"Germany",2022,0.720875455989295,1.36973105536585,13.9125311211787,63.6285624993021,22.4589063795192,100.218132019043,100.81729888916,98.9965896606445,"High income",83797985,3702230996916.9
"Germany",2018,0.300526701992065,1.11644310926225,13.5626162807968,64.9876223341919,21.4497613850113,102.645378112793,100.837303161621,100,"High income",82905782,3637409365003.91
"Germany",2017,0.373724559895838,2.71602451931592,13.4570189858595,65.2493405041228,21.2936405100178,101.738708496094,101.095642089844,99.1565322875977,"High income",82657002,3597248136065.74
"Germany",2013,0.272900214681538,0.386224576109953,13.2325545744687,65.9544693115349,20.8129761139965,103.638671875,103.935333251953,100,"High income",80645605,3296391223767.13
"Germany",2015,0.865702643950251,1.65271977174628,13.2101109669446,65.7365353514053,21.0533536816501,102.702461242676,102.192413330078,100,"High income",81686611,3423568450957.03
"Germany",2016,0.807218538573871,2.29471067684281,13.3264938863506,65.5385099359924,21.134996177657,101.406066894531,100.852310180664,100,"High income",82348669,3502129441730.16
"Ghana",2017,2.19535792776401,8.12889488100956,38.1355621837839,58.4792804696985,3.38515734651757,99.0500717163086,66.3819198608398,58.1865005493164,"Lower middle income",30008354,55224351374.4489
"Ghana",2022,1.92029034344132,3.81750462109567,36.5291305189345,59.9093666106451,3.56150287042033,96.5331573486328,76.7830963134766,64.8944778442383,"Lower middle income",33149152,68491885061.4641
"Ghana",2013,2.40927930949909,7.31252501678145,38.8606393532069,57.7912847870327,3.34807585976035,100.27888671958,68.583591515972,59.8538780212402,"Lower middle income",27386193,47036511237.5563
"Ghana",2015,2.30712733064921,2.12075933817334,38.6068195581154,58.0343822372177,3.35879820466689,102.015853363436,67.0825874412868,51.8172798156738,"Lower middle income",28696068,49406010054.2663
"Greece",2013,-0.725120806658085,-2.27211692215486,14.6602330759572,65.0482485111407,20.2915184129021,98.7325210571289,107.414306640625,94.3465957641602,"High income",10965211,193479795857.322
"Greece",2015,-0.658861360878339,-0.228301959026894,14.4843972117852,64.4361225877416,21.0794802004731,99.8291091918945,103.377700805664,95.2600021362305,"High income",10820883,194567373678.099
"Greece",2016,-0.415913028277122,-0.0317952126675323,14.4375010208339,64.1636112798065,21.3988876993596,99.3706512451172,103.952072143555,91.4800033569336,"High income",10775971,194505510567.857
"Greece",2017,-0.197783224759792,1.47312498503697,14.4200136634158,63.9236489103791,21.6563374262051,98.8267135620117,104.228790283203,95.5885543823242,"High income",10754679,197370819841.305
"Greece",2014,-0.666113290031891,0.792225038353592,14.5872735902825,64.7156591244612,20.6970672852563,97.959342956543,103.468589782715,94.6900024414062,"High income",10892413,195012591244.259
"Greece",2020,-0.214592106571664,-9.19623147082588,14.1702935939493,63.4362736718399,22.3934327342108,97.2831726074219,103.615829467773,96.4700012207031,"High income",10698599,187085880547.56
"Greece",2018,-0.202880238259165,2.06467253338354,14.3685256429283,63.7348406022322,21.8966337548395,97.8011016845703,103.891693115234,96.0224838256836,"High income",10732882,201445880947.483
"Greece",2019,-0.105339392724138,2.27718063644569,14.2956683003259,63.5769463955355,22.1273853041386,97.6437683105469,106.527839660645,96.3623352050781,"High income",10721582,206033167541.336
"Greece",2021,-1.21680248998544,8.65449785311438,14.0226990515013,63.1383476119661,22.8389533365326,97.3313217163086,104.77806854248,96.8955459594727,"High income",10569207,203277224063.029
"Greece",2022,-1.25988945727074,5.74364918958959,13.8482474876302,62.9235782445681,23.2281742678017,101.192031860352,106.21671295166,97.3204574584961,"High income",10436882,214952754695.546
"Grenada",2018,0.218925449466702,4.36144039364797,21.4913001011315,67.9612070083239,10.5474928905446,96.4998173182316,NA,97.8070983886719,"Upper middle income",115691,1127312678.42806
"Grenada",2019,0.250354079448358,0.676511738873756,21.2089859158573,68.032832822476,10.7581812616667,NA,NA,98.9631881713867,"Upper middle income",115981,1134939081.03144
"Grenada",2020,0.309914935427349,-13.7566222572107,20.90019855425,68.1139924876011,10.9858089581489,NA,NA,98.8732070922852,"Upper middle income",116341,978809798.804488
"Guatemala",2023,1.53986971917384,3.52679214166824,32.1377474418736,63.1275121776954,4.734740380431,103.04638671875,47.6308784484863,52.6421356201172,"Upper middle income",18124838,81031694944.9788
"Guatemala",2013,1.95360189099984,3.69481919881751,37.5045032969479,58.4664825867373,4.02901411631479,108.923187255859,53.4995193481445,44.5499992370605,"Upper middle income",15387337,57199417471.4099
"Guatemala",2022,1.40623710213146,4.20015588892568,32.7140281166214,62.6560794877732,4.62989239560537,103.906227111816,46.1119003295898,52.7065010070801,"Upper middle income",17847877,78271231309.9524
"Guatemala",2021,1.3807587059317,8.03326771516488,33.2663206192998,62.1568682212309,4.5768111594693,103.809898376465,48.3225402832031,53.1676635742188,"Upper middle income",17598650,75116232449.1983
"Guatemala",2014,1.89511231857489,4.44397758285268,36.9435760415388,58.9667208167469,4.08970314171432,105.432632446289,53.089958190918,43.0400009155273,"Upper middle income",15681725,59741346761.3617
"Guatemala",2015,1.83250767864618,4.09217081621244,36.4121874487963,59.4359269367157,4.15188561448804,104.099853515625,54.9180488586426,43.4458503723145,"Upper middle income",15971743,62186064718.7424
"Guatemala",2016,1.84256060230578,2.67780255532826,35.8878857392942,59.8961168521756,4.21599740853021,103.013893127441,54.3751907348633,48.600284576416,"Upper middle income",16268760,63851284748.839
"Guatemala",2017,1.81876091504989,3.07985149125689,35.3681791247693,60.3424312037219,4.28938967150886,103.033592224121,54.0077896118164,47.8820343017578,"Upper middle income",16567357,65817809494.3628
"Guatemala",2018,1.66602273310221,3.40687339997949,34.8649698721067,60.7606992532509,4.37433087464238,103.577819824219,54.1130104064941,48.4197158813477,"Upper middle income",16845685,68060138938.4754
"Guatemala",2019,1.52062955252943,4.0178979343828,34.3505691205216,61.1806848214015,4.46874605807685,103.427291870117,52.6072883605957,50.810001373291,"Upper middle income",17103803,70794725855.0224
"Guinea",2016,2.56690869267138,10.82062719659,43.0672623194012,53.440739400134,3.4919982804648,94.3621520996094,36.8475818475818,24.4842891693115,"Low income",12073030,9745789528.35549
"Guinea",2014,2.48019346390261,3.69655311664086,43.5400339094027,52.9287869421954,3.53117914840192,96.1610717773438,38.9089202880859,16.3700008392334,"Low income",11472924,8470141696.43118
"Guinea",2018,2.54385572881799,6.35849192736715,42.6459848872558,53.8882234347498,3.46579167799443,100.920007512738,37.6615683388653,18.5900001525879,"Low income",12704774,11433119223.7578
"Guinea",2019,2.56100451729991,5.61691446889876,42.4059864606939,54.1370890415215,3.45692449778455,98.1418277224069,37.9919232403293,72.0502166748047,"Low income",13034346,12075307751.6835
"Guinea-Bissau",2018,2.37405997248475,3.76145359637003,41.3089389972518,55.7568994377441,2.93416156500409,NA,NA,44.2959251403809,"Low income",1922168,1319485332.4773
"Guinea-Bissau",2022,2.24235388639993,4.60583180729681,39.7047487828474,57.2049589438094,3.09029227334318,NA,NA,50.8078727722168,"Low income",2105529,1570073804.59512
"Guinea-Bissau",2019,2.34095994762157,5.55045564999175,40.9289087338695,56.0881101552272,2.98298111090331,NA,NA,44.7071380615234,"Low income",1967696,1392722780.6646
"Guyana",2019,2.0146740033225,5.35284003535665,29.2543319321748,64.9468529650288,5.79881510279633,89.496909887263,NA,84.0653076171875,"Upper middle income",807665,5071030135.73162
"Guyana",2018,2.95873919098606,4.44091288475967,29.5086067875215,64.8078372268274,5.68355598565104,90.1325576748007,NA,84.8117141723633,"Upper middle income",791556,4813377725.77348
"Haiti",2017,1.36160662434986,2.51027134544685,33.6027145745781,62.1661899503353,4.2310954750866,NA,NA,46.3667297363281,"Lower middle income",10817754,15498296353.5977
"Honduras",2014,1.93678209287486,3.0580805621437,35.5523882635372,61.1323415301956,3.31527020626721,89.2037887573242,49.1755714416504,58.3600006103516,"Lower middle income",9063122,20203944075.628
"Honduras",2013,1.97914318489325,2.79155975746801,36.1855111396849,60.592472222855,3.22201663746013,91.1447525024414,61.5013999938965,54.5200004577637,"Lower middle income",8889278,19604424966.4102
"Honduras",2015,1.90365241356179,3.84007997093951,34.9120116744007,61.6653017303207,3.4226865952786,89.88818359375,50.0197715759277,59.0699996948242,"Lower middle income",9237305,20979791685.416
"Honduras",2016,1.87756675968273,3.89297219726413,34.2836349573647,62.1810795994212,3.53528544321415,89.5983581542969,50.6989898681641,60.939998626709,"Lower middle income",9412380,21796529142.7732
"Honduras",2017,1.85007611234979,4.84291391050387,33.6887412898221,62.6597879577538,3.6514707524241,88.3986129760742,50.7352905273438,58.3634643554688,"Lower middle income",9588137,22852116284.6356
"Honduras",2023,1.71477388415816,3.58260362632656,30.9961501574799,64.7111265343216,4.29272330819849,86.5522918701172,55.1028709411621,61.3904685974121,"Lower middle income",10644851,26904206369.3728
"Honduras",2018,1.82994643094924,3.84499476966735,33.1413951598893,63.0886349044908,3.76996993561992,88.743467505188,NA,59.2900009155273,"Lower middle income",9765210,23730778960.5382
"Honduras",2019,1.81063773761993,2.55963434592314,32.6392711477148,63.4708932102134,3.88983564207188,87.798469543457,64.1083908081055,61.9000015258789,"Lower middle income",9943633,24338200129.3672
"Honduras",2021,1.66825063176954,12.5652843771279,31.7752939017295,64.1540644341067,4.0706416641638,83.9795074462891,54.5551300048828,61.7115173339844,"Lower middle income",10289877,24940257609.6892
"Honduras",2022,1.67679658023776,4.14356194013767,31.3863692139965,64.4469800471565,4.16665073884696,85.8662414550781,54.1617584228516,63.9925193786621,"Lower middle income",10463872,25973672631.7766
"Hong Kong SAR, China",2020,-0.358932661902885,-6.54476757335387,11.2771621132607,69.8975753165571,18.8252625701822,105.128761291504,100.485191345215,100,"High income",7481000,310097369914.178
"Hong Kong SAR, China",2016,0.619366345332479,2.17543135634364,11.4948961661024,72.5100177044859,15.9950861294117,104.741012573242,107.797096252441,100,"High income",7336600,316116094447.437
"Hong Kong SAR, China",2014,0.702370950536049,2.76242285756518,11.6131831673486,73.6094696625815,14.7773471700699,105.045692443848,105.603202819824,95.0299987792969,"High income",7229500,302170465323.717
"Hong Kong SAR, China",2015,0.851197911086988,2.38777713430783,11.5410295884311,73.0763745892758,15.3825958222931,105.131523132324,107.431686401367,95.379997253418,"High income",7291300,309385622601.348
"Hong Kong SAR, China",2018,0.800230596967774,2.84692770115917,11.5796759915267,71.2239751252594,17.1963488832139,103.430999755859,108.210166931152,100,"High income",7452600,337457421078.426
"Hong Kong SAR, China",2017,0.768513877614955,3.7961040663029,11.5533047056495,71.8759568222049,16.5707384721456,104.807907104492,106.83757019043,95.6600036621094,"High income",7393200,328116190362.994
"Hong Kong SAR, China",2019,0.739283471323064,-1.67239123872136,11.4829745279504,70.5644998078365,17.9525256642131,102.202606201172,105.107139587402,95.7200012207031,"High income",7507900,331813812733.896
"Hong Kong SAR, China",2022,-0.907914524343304,-3.68357113148396,10.911167619776,68.4044085688091,20.6844238114149,101.081039428711,102.00390625,96.0999984741211,"High income",7346100,317952397986.884
"Hong Kong SAR, China",2021,-0.91177674914823,6.45440824066419,11.0826007236324,69.1624998338255,19.7548994425421,106.03369140625,100.197776794434,100,"High income",7413100,330112320112.002
"Hong Kong SAR, China",2013,0.401982535858444,3.10150834740608,11.6443900233125,74.0951580564497,14.2604519202377,106.884666442871,102.832077026367,100,"High income",7178900,294047626477.767
"Hong Kong SAR, China",2023,2.55352466697343,3.27652625631858,10.6990246662702,67.6557184728274,21.6452568609024,NA,NA,100,"High income",7536100,328370191789.519
"Hungary",2019,-0.0452557101106228,4.86422573511891,14.5496170478703,65.8474599647003,19.6029229874294,96.6208801269531,102.561637878418,99.6030044555664,"High income",9771141,147383974295.866
"Hungary",2015,-0.237855001984657,3.7073159793626,14.4911517803613,67.4528577545496,18.0559904650891,100.827682495117,104.546478271484,99.5500030517578,"High income",9843028,125174166987.372
"Hungary",2017,-0.265860932255517,4.27197601620695,14.5355813225437,66.6846693017279,18.7797493757284,98.431266784668,104.29077911377,99.59912109375,"High income",9787966,133394359768.376
"Hungary",2021,-0.413751024472153,7.06122060972912,14.5652700940615,65.0297164165967,20.4050134893418,101.458427429199,99.6950988769531,99.638053894043,"High income",9709891,150710923361.943
"Hungary",2016,-0.295110604845478,2.20100189293856,14.5115219031955,67.0502119558858,18.4382661409188,99.0286331176758,104.046890258789,99.5699996948242,"High income",9814023,127929252772.234
"Hungary",2014,-0.269378767165116,4.23220980614269,14.4633717137515,67.8503265083229,17.6863017779257,101.314437866211,105.841468811035,99.5199966430664,"High income",9866468,120699456740.623
"Hungary",2018,-0.126786951652838,5.36234836176223,14.5465240375272,66.3242430335959,19.1292329288769,96.7522125244141,103.749549865723,99.6308898925781,"High income",9775564,140547430034.099
"Hungary",2022,-0.677000548147119,4.58340767295068,14.5505890949021,64.8418515917326,20.6075593133653,103.47647857666,102.908576965332,99.7002792358398,"High income",9644377,157618619387.289
"Hungary",2020,-0.215067837129585,-4.48704604765308,14.5576627784328,65.3516634491369,20.0906737724303,97.1749420166016,101.993041992188,99.6699981689453,"High income",9750149,140770787502.349
"Hungary",2013,-0.27536875707442,1.80252210082266,14.4432192764203,68.2352317213276,17.3215490022521,100.705917358398,107.070358276367,99.6500015258789,"High income",9893082,115798616344.321
"Iceland",2021,1.6393166402584,5.25420975317854,18.6238321613016,66.5075333395055,14.8686344991929,98.5672912597656,115.156303405762,99.8553314208984,"High income",372520,20304846331.8777
"Iceland",2014,1.11250475522796,1.68721501750642,20.4447158505401,66.1933513988016,13.3619327506584,98.7708206176758,120.632568359375,99.9272079467773,"High income",327386,16773046835.507
"Iceland",2022,2.51377343254216,8.9925076126915,18.3783329017196,66.5106722526689,15.1109948456115,98.5116424560547,112.589393615723,99.9765548706055,"High income",382003,22130761184.0171
"Iceland",2013,0.945885900369151,4.55246032015107,20.5906099532088,66.3391846810061,13.0702053657851,98.7876205444336,122.033569335938,99.8079986572266,"High income",323764,16494745020.423
"Iceland",2017,2.34558267643862,4.19494882908376,19.5541020255784,66.4230208874586,14.0228770869629,98.8624114990234,115.741142272949,99.9810638427734,"High income",343400,19402600566.9271
"Iceland",2015,1.04194038662969,4.43666371937172,20.1928379233815,66.1278163114535,13.679345765165,98.6862182617188,119.807357788086,99.8907165527344,"High income",330815,17517210519.0912
"Iceland",2019,2.19893225826166,1.86117794293874,18.8726349773149,66.8280660217161,14.299299000969,98.8134307861328,112.034339904785,99.9902877807617,"High income",360563,20729999827.2907
"Iceland",2016,1.38808149583838,6.30368710650176,19.8878934123225,66.1907152978409,13.9213912898367,98.9531784057617,117.122772216797,100,"High income",335439,18621440660.0019
"Iceland",2018,2.67814276922904,4.88917299486545,19.1787538188599,66.7002499617406,14.1209962193995,98.88671875,114.649406433105,99.8733291625977,"High income",352721,20351227274.147
"Iceland",2020,1.6230862512591,-6.94045309489034,18.727735438363,66.7078998619802,14.5643646996569,98.5561218261719,110.487319946289,99.9904632568359,"High income",366463,19291243912.7068
"India",2019,1.04001395098104,3.87143694070356,26.832323620307,66.944203338595,6.22347304109804,99.5039236144817,75.5255813598633,60.7040100097656,"Lower middle income",1389030312,2689205295885.31
"India",2020,0.973438646910149,-5.77772470686801,26.3453740591996,67.2377729174314,6.41685302336898,101.291253449929,77.6271551845716,61.3899993896484,"Lower middle income",1402617695,2533830417086.54
"India",2016,1.19162966402099,8.25630550179086,28.3851530629213,65.9731160836743,5.64173085340436,119.512832641602,76.119987487793,56.6841812133789,"Lower middle income",1343944296,2277267041550.36
"India",2021,0.822648220128724,9.68959249192875,25.9051614152815,67.5490478920304,6.54579069268807,102.316123319201,80.6246396929286,63.306510925293,"Lower middle income",1414203896,2779348258938.77
"India",2023,0.883289539766135,8.1529363109041,25.0570622244071,68.0210944742065,6.92184330138637,112.03123091725,78.863958593161,65.5800018310547,"Lower middle income",1438069596,3215973434046.11
"India",2022,0.790200540609834,6.9870393257555,25.4877038842946,67.8132963616236,6.69899975408181,111.084455603874,81.1778611796872,62.8199996948242,"Lower middle income",1425423212,2973542414790.52
"India",2018,1.09729906702925,6.45385134497769,27.3277554659182,66.6529850197096,6.01925951437221,101.097955965022,75.7847900390625,59.560001373291,"Lower middle income",1374659064,2588974770244.57
"Indonesia",2021,0.704601321926319,3.70288562827751,25.575153363288,67.7378359790672,6.68701065764471,101.990710635544,99.0968322828421,84.9264144897461,"Lower middle income",276758053,1065709127435.86
"Indonesia",2016,1.0744882002252,5.03306918280177,26.7736383990264,67.077798038297,6.14856356267664,107.16207384874,88.5644920884794,80.2399978637695,"Lower middle income",264627418,904181621813.478
"Indonesia",2014,1.17536091203837,5.006668425755,27.1512431257083,66.8074162395304,6.04134063476124,110.910578364806,84.6881516846731,76.5999984741211,"Lower middle income",258877399,820828013260.627
"Indonesia",2022,0.746050469653246,5.30741934775764,25.2740669678858,67.9012667725156,6.82466625959862,100.64499288828,98.9717306316633,83.2264404296875,"Lower middle income",278830529,1122270779856.21
"Indonesia",2023,0.842666137328498,5.04810577067288,24.9346390051087,68.0168202172248,7.04854077766648,100.228106588191,97.1654711118149,83.8310852050781,"Lower middle income",281190067,1178924195856.71
"Indonesia",2013,1.24038001568984,5.5572636889101,27.3431583275356,66.6471548360078,6.00968683645659,112.63727075046,83.2369317653316,76.4438934326172,"Lower middle income",255852467,781691320719.306
"Indonesia",2017,1.02232939771064,5.06978590134916,26.5632798746263,67.1982866155746,6.2384335097991,105.634232183211,91.5816468000954,77.6787490844727,"Lower middle income",267346658,950021694198.768
"Indonesia",2015,1.12233981761262,4.87632230022123,26.9656629152515,66.9524898064165,6.08184727833196,109.361980599771,88.7822877060453,77.629997253418,"Lower middle income",261799249,860854232717.718
"Indonesia",2019,0.935604959235128,5.01928768046282,26.0919538365423,67.4223673692444,6.48567879421327,102.597018482181,95.7836905704493,80.3892059326172,"Lower middle income",272489381,1049330234035.85
"Indonesia",2020,0.849801187379341,-2.06551182934165,25.834423429325,67.5576712934403,6.60790527723472,102.437991856992,98.0443013603661,81.9300003051758,"Lower middle income",274814866,1027656193922.98
"Indonesia",2018,0.969743409524713,5.17429153955024,26.3349404427949,67.3141002204628,6.3509593367423,104.648287253309,93.4309363897896,78.4300003051758,"Lower middle income",269951846,999178586345.587
"Iran, Islamic Rep.",2015,1.36159478810594,-1.42488493937491,23.5910518166432,70.4023483018424,6.00659988151446,109.025131225586,88.1429824829102,79.1336288452148,"Lower middle income",82619362,409191686496.677
"Iran, Islamic Rep.",2014,1.343129076071,4.98477506709494,23.4123786500549,70.8169422569891,5.77067909295602,111.849983215332,91.7429580688477,78.1997604370117,"Lower middle income",81502045,415106476157.819
"Iran, Islamic Rep.",2013,1.30690505728311,-1.52197920494163,23.3021591559915,71.1183425569699,5.57949828703863,120.710372924805,90.8647079467773,77.9351577758789,"Lower middle income",80414686,395396833390.869
"Iran, Islamic Rep.",2018,1.27524656861717,-1.83800757093036,23.9619208286751,69.281644819472,6.75643435185291,NA,NA,84.4998016357422,"Lower middle income",86117998,449135162389.142
"Iran, Islamic Rep.",2016,1.43348558597155,8.8150866425182,23.7667032309414,69.9822148863528,6.25108188270571,107.907333374023,85.4874420166016,79.572624206543,"Lower middle income",83812228,445262288195.34
"Iran, Islamic Rep.",2017,1.43870442098455,2.75850524578875,23.8955194032222,69.6037014420191,6.50077915475875,107.295822143555,84.7548294067383,0,"Lower middle income",85026754,457544871772.728
"Iran, Islamic Rep.",2020,0.768757498195729,3.33028845926594,23.7741603461688,68.9964842123217,7.22935544150952,104.484008789062,87.0725479125977,85.7615585327148,"Lower middle income",87723443,449842285446.341
"Iran, Islamic Rep.",2021,0.831029236943935,4.71977773157164,23.5503936372517,69.0444241800148,7.40518218273343,NA,NA,86.3899917602539,"Lower middle income",88455488,471073841462.031
"Iran, Islamic Rep.",2019,1.07831720901251,-3.0705879849703,23.9130747065987,69.0709368826133,7.01598841078797,106.081970214844,NA,85.1097106933594,"Lower middle income",87051648,435344072056.544
"Iran, Islamic Rep.",2022,1.20100285857304,3.77663140152906,23.2212381703766,69.1497615676665,7.62900026195697,NA,NA,86.52197265625,"Lower middle income",89524246,488864564083.075
"Iraq",2018,2.33235769663486,2.63385099105624,39.3308652148187,57.4360991222178,3.23303566296358,NA,NA,57.6458892822266,"Upper middle income",40265624,191221819559.378
"Iraq",2021,2.24127347113109,1.5021807095434,38.0622295256828,58.5567231735918,3.38104730072539,NA,NA,32.4963493347168,"Upper middle income",43071211,180145367592.813
"Iraq",2013,4.7215668344982,7.62828592298754,40.8059916916815,56.1925448704153,3.00146343790312,NA,NA,79.3899993896484,"Upper middle income",35281989,158939252263.834
"Ireland",2019,1.36762695363797,5.040550288018,20.412624650577,65.3435974647567,14.2437778846663,100.980857849121,138.091217041016,99.0315322875977,"High income",4934340,380522434249.483
"Ireland",2017,1.08867556062,10.0496285394614,20.9435227052672,65.3844318826392,13.6720454120936,100.852783203125,125.307121276855,99.1052703857422,"High income",4807388,336849348481.597
"Ireland",2021,0.953878183519474,16.2556132446002,19.8060804520222,65.3403436125284,14.8535759354494,99.9838485717773,135.252197265625,98.8953399658203,"High income",5033164,474043708510.292
"Ireland",2018,1.23887545258946,7.54434190760031,20.6992100962216,65.3471982002052,13.9535917035732,101.03288269043,154.908294677734,99.1345062255859,"High income",4867316,362262415044.573
"Ireland",2016,1.12883406399428,1.22263860996429,21.1532211087276,65.4546867857241,13.3920921055483,101.341491699219,117.028717041016,98.9583587646484,"High income",4755335,306088582898.588
"Ireland",2014,0.731001376585771,9.33603372868623,21.4354310111,65.7693782746418,12.7951907142582,101.542236328125,116.739097595215,98.999885559082,"High income",4657740,242659427386.766
"Ireland",2015,0.944845307474728,24.6155699766256,21.3179749353906,65.5717708523171,13.1102542122923,101.184638977051,116.989868164062,99.034538269043,"High income",4701957,302391428540.035
"Ireland",2022,2.59918087753675,8.61950355191492,19.4557824726755,65.3822772161846,15.16194031114,99.6199417114258,133.150497436523,98.9944610595703,"High income",5165700,514903922802.965
"Ireland",2013,0.526556158855653,2.19217574364818,21.5014250155119,66.0510609746196,12.4475140098686,101.958343505859,NA,98.8169174194336,"High income",4623816,221939116603.514
"Ireland",2020,1.02911050277336,7.15789883057209,20.1012562400824,65.3365964179592,14.5621473419585,101.368812561035,135.224670410156,99.0400161743164,"High income",4985382,407759845120.691
"Israel",2021,1.68190551747412,9.34390774596847,27.9436441624885,59.8583662424971,12.1979895950145,96.2489776611328,96.9270782470703,96.2953872680664,"High income",9371400,383397426954.248
"Israel",2020,1.76367939210866,-1.46460564253812,28.0344555732619,59.9126673678488,12.0528770588893,96.3747634887695,96.1416931152344,96.474609375,"High income",9215100,350634465931.993
"Israel",2013,1.86605289478673,4.23059967389156,28.1903233794605,61.2196796672353,10.5899969533043,97.6897811889648,96.4981536865234,95.3300018310547,"High income",8059500,284811641782.085
"Israel",2015,1.98128897562083,2.31351073538721,28.2430006500136,60.7391726852478,11.0178266647386,97.7587738037109,96.3389511108398,95.629997253418,"High income",8380100,302722655203.465
"Israel",2016,1.9603489624817,4.36728364160348,28.2518324744119,60.4867682488154,11.2613992767727,97.1344833374023,96.7928085327148,96.5218887329102,"High income",8546000,315943412203.594
"Israel",2014,1.91954379859591,3.8853242385341,28.221064762493,60.9836373216309,10.795297915876,97.2882995605469,96.3290405273438,95.5699996948242,"High income",8215700,295877497534.411
"Israel",2022,1.96636884788361,6.47037150232485,27.8035319857926,59.8934314063339,12.3030366078735,96.3125686645508,96.5853729248047,96.4724655151367,"High income",9557500,408204664808.542
"Israel",2019,1.90898263957994,3.78514145224655,28.1244621699124,59.9900386648577,11.8854991652299,96.2709274291992,96.2954177856445,96.2810668945312,"High income",9054000,355846209596.501
"Israel",2017,1.93872567441099,4.27342178782185,28.2489175621531,60.2586178699757,11.4924645678713,96.9318695068359,96.2929916381836,96.2864608764648,"High income",8713300,329445006817.89
"Israel",2018,1.92662286520241,4.07447600571263,28.203146238634,60.0955585952237,11.7012951661424,96.4932327270508,96.6557464599609,96.1675415039062,"High income",8882800,342868164572.703
"Italy",2015,-0.0963761331392095,0.885667638046783,13.7068661763151,64.264608211041,22.0285256126439,100.37190246582,101.228088378906,95.2699966430664,"High income",60730582,1845428048839.1
"Italy",2013,1.1592511168095,-1.81802506104283,13.9177429383585,64.7515846412995,21.330672420342,101.111892700195,100.973121643066,94.9674911499023,"High income",60233948,1829252559153.33
"Italy",2014,0.917504095962437,-0.00138763976492839,13.8275522315507,64.4745737605598,21.6978740078895,100.752258300781,101.121726989746,95,"High income",60789140,1829227175717.41
"Italy",2016,-0.169884073301448,1.2362211072751,13.5548619804282,64.1355493804101,22.3095886391617,99.8127670288086,100.742958068848,95.9965362548828,"High income",60627498,1868241619898.42
"Italy",2017,-0.14986111697397,1.60369994648362,13.3921351432526,64.0491957667784,22.558669089969,102.803092956543,101.01001739502,96.3192672729492,"High income",60536709,1898202609756.92
"Italy",2022,-0.20230086688254,4.66176265113695,12.3897806298347,63.6810296805062,23.929189689659,101.56453704834,101.353858947754,97.6554489135742,"High income",59013667,1997042745688.22
"Italy",2019,-1.15302842389952,0.429162534371912,13.0238937094704,63.8719351973526,23.104171093177,102.959373474121,101.74178314209,96.8862533569336,"High income",59729081,1922107755102.45
"Italy",2018,-0.190063640113791,0.826646697363699,13.2174935892537,63.976292081862,22.8062143288843,102.894989013672,101.526412963867,96.6481552124023,"High income",60421760,1913894038939.75
"Italy",2021,-0.515599998844444,8.9310620660078,12.6146793829164,63.7233470647178,23.6619735523658,101.089881896973,101.834869384766,97.5451812744141,"High income",59133173,1908092024347.85
"Italy",2020,-0.487095091717782,-8.86822121046387,12.8259753776361,63.7947913907968,23.379233231567,102.636672973633,101.836128234863,96.7300033569336,"High income",59438851,1751650987476.49
"Jamaica",2014,0.360811344710918,0.689822357374339,24.0140578126381,69.6493851093996,6.33655707796227,96.3857269287109,87.7948913574219,98.2854690551758,"Upper middle income",2793749,14059381567.3828
"Jamaica",2019,0.112486030848061,0.892291653822227,21.1277982170327,71.9239669163888,6.94823486657852,93.3932723999023,87.9186782836914,98.8695297241211,"Upper middle income",2823271,14934129346.6919
"Jamaica",2013,0.405211603822983,0.5176860128024,24.687437919565,69.0354914183958,6.27707066203923,99.3819198608398,86.7720413208008,98.1151962280273,"Upper middle income",2783687,13963061249.1125
"Jamaica",2017,0.207939418780596,0.997123062335191,22.2674418501412,71.0921922242404,6.6403659256184,94.4400329589844,87.6734008789062,98.6464920043945,"Upper middle income",2815764,14527493336.382
"Jamaica",2016,0.263022586225724,1.37522306445538,22.8352637001475,70.6496459857327,6.51509031411982,94.3311004638672,91.1691513061523,98.5383148193359,"Upper middle income",2809915,14384066492.0877
"Jamaica",2020,0.264166647844328,-9.92032244889079,20.5671381218827,72.2937367238732,7.13912515424417,89.8730773925781,85.1645812988281,98.8592224121094,"Upper middle income",2830739,13452615560.5656
"Jamaica",2018,0.153765355594745,1.88992368121086,21.6937712259948,71.5255766866216,6.7806520873835,97.2939224243164,86.6602401733398,98.783561706543,"Upper middle income",2820097,14802051873.2326
"Jamaica",2022,0.0515076570013975,5.22151984737387,19.5798451927764,72.8830415082856,7.53711329893799,90.7408676147461,83.871467590332,93.1381378173828,"Upper middle income",2839144,14806380332.6868
"Jamaica",2021,0.244971341124232,4.6014245042592,20.0480215979136,72.640076062095,7.31190233999129,90.6446075439453,87.2776412963867,98.8397979736328,"Upper middle income",2837682,14071627509.4333
"Japan",2020,-0.294194617750067,-4.14711889947692,12.2207528196353,58.861072796091,28.9181743842737,102.736831665039,102.844802856445,99.5899963378906,"High income",126261000,4375044252274.51
"Jordan",2018,2.20412998393259,1.91907091341564,33.7105175474699,62.6409082280713,3.64857422445874,98.8939208984375,89.7929077148438,89.6699981689453,"Upper middle income",10462306,41103996749.7366
"Jordan",2020,1.79543228239066,-1.10275188309046,32.8415074603822,63.259407131604,3.89908540801378,98.9605331420898,90.1993026733398,89.2399978637695,"Upper middle income",10865228,41362613665.9359
"Jordan",2017,2.25160030043779,2.47359815449045,34.1070589998697,62.36793578723,3.52500521290032,98.558952331543,88.8758316040039,87.2583312988281,"Upper middle income",10234226,40330034782.8485
"Jordan",2023,1.61225050235636,2.67827153754409,31.2262289710739,64.4514677516946,4.32230327723143,98.2994918823242,91.9696807861328,87.9199981689453,"Upper middle income",11439213,45188463506.0246
"Kazakhstan",2018,1.49423322942686,4.09999999309841,28.8100897670497,63.8881462741249,7.30176395882548,100.52981239711,102.058312580195,99.9400024414062,"Upper middle income",18932727,202016211108.857
"Kazakhstan",2019,1.45157995956237,4.50000000091883,29.0136809520054,63.5059401428091,7.48037890518547,101.622047101739,101.3594374785,99.8747711181641,"Upper middle income",19209555,211106940610.612
"Kazakhstan",2015,1.49239879824091,1.20000000053288,27.6736907291676,65.5648456945962,6.76146357623621,100.501234389469,102.357932207316,99.0438995361328,"Upper middle income",18084169,184388404706.042
"Kenya",2022,1.92297608206469,4.85998104287999,38.0712456350252,59.0648344880137,2.86391987696116,NA,NA,78.7503128051758,"Lower middle income",54252461,94807911027.625
"Kenya",2016,2.20775684612709,4.21351706814744,41.5236216637636,55.979618230588,2.49676010564838,104.788917541504,NA,85.5731887817383,"Lower middle income",48139687,73074983895.0953
"Kenya",2020,1.96197633664853,-0.272766327438816,39.2841689244817,57.9266087955257,2.78922227999252,NA,NA,74.2888031005859,"Lower middle income",52217334,84035138346.859
"Kenya",2021,1.90040858948898,7.59048947333467,38.6874677694824,58.4939282822839,2.81860394823365,NA,NA,86.0402526855469,"Lower middle income",53219166,90413816676.9795
"Kenya",2019,1.96381549826771,5.11415885767801,39.868889076487,57.3842176977434,2.74689322576961,78.8391540273879,NA,74.9513473510742,"Lower middle income",51202827,84264984851.3549
"Kiribati",2018,1.49285448135933,3.47943880004293,35.0608395073863,61.093841510114,3.84531898249968,105.808935028578,NA,88.9383163452148,"Lower middle income",122084,220233266.373554
"Kiribati",2015,1.28285862528713,11.2653381034544,35.166716603176,61.1492530924967,3.68403030432735,104.855712890625,NA,92.8559722900391,"Lower middle income",116815,191559398.175292
"Kiribati",2020,1.74230469268591,-0.562016449352072,35.1798983338488,60.8898563826834,3.93024528346775,102.699867248535,NA,96.9500198364258,"Lower middle income",126099,226144100.8008
"Kiribati",2019,1.4934933399344,3.26425930432951,35.1362365387486,60.9709450817258,3.89281837952558,104.128310837522,NA,96.3848266601562,"Lower middle income",123921,227422251.262382
"Korea, Rep.",2017,0.280968018301691,3.15963574012777,13.0157834990204,73.1104702951829,13.8737462057967,98.6247100830078,99.105583190918,96.7661743164062,"High income",51361911,1556927899270.75
"Korea, Rep.",2020,0.137869266247028,-0.709415359397681,12.1146595856263,72.0631744683847,15.822165945989,99.217903137207,97.0888214111328,97.1387786865234,"High income",51836239,1626525694049.93
"Korea, Rep.",2016,0.396851823381145,2.94688171508626,13.3553842297333,73.2815119171004,13.3631038531662,99.7160110473633,98.7179565429688,96.7117233276367,"High income",51217803,1509241369553.54
"Korea, Rep.",2023,0.077477253324535,1.35673324311098,10.970817085997,70.6941593301433,18.3350235838597,NA,NA,97.7481842041016,"High income",51712619,1764487367948.7
"Korea, Rep.",2018,0.433519027613049,2.90740377377135,12.7122160201177,72.8334079576546,14.4543760222277,98.6656723022461,99.3186569213867,96.9526138305664,"High income",51585058,1602194079769.04
"Korea, Rep.",2019,0.347874968577526,2.24397786011012,12.4104062587422,72.5261052970989,15.0634884441589,99.6388168334961,98.3813018798828,97.0582046508789,"High income",51764822,1638146960195.06
"Korea, Rep.",2022,-0.187486566698935,2.61267219187226,11.4142590399463,71.1010946234232,17.4846463366305,99.0333633422852,97.9161987304688,97.459587097168,"High income",51672569,1740868427277.01
"Korea, Rep.",2015,0.527288497407793,2.80910326824133,13.7638350874668,73.2814791976092,12.954685714924,100.062088012695,98.5931930541992,95.5100021362305,"High income",51014947,1466038936206.43
"Korea, Rep.",2021,-0.128757315474928,4.30473481906969,11.799988611027,71.5403701724822,16.6596412164908,98.67578125,98.0951538085938,97.2863693237305,"High income",51769539,1696543311942.81
"Korea, Rep.",2013,0.455218622164662,3.16470863647184,14.6611848821691,73.2416718608572,12.0971432569738,100.268768310547,97.8287506103516,96.2655029296875,"High income",50428893,1381732300870.28
"Korea, Rep.",2014,0.628149861433639,3.2024537945736,14.1995085365218,73.275082277705,12.5254091857732,99.4568099975586,98.5806732177734,96.5232849121094,"High income",50746659,1425981639370.35
"Kuwait",2015,4.49910219971801,0.592771759399795,21.8071986259321,75.7839316888402,2.40886968522768,101.933448791504,95.2544174194336,62.1599998474121,"High income",3834574,114585555830.916
"Kuwait",2017,3.69493434034851,-4.71222158000512,21.3840665879684,75.6988166008755,2.91711681115618,NA,NA,62,"High income",4154812,112380894485.055
"Kuwait",2018,3.9801548230671,2.74333053861318,21.0766441823686,75.6801466442691,3.24320917336232,NA,NA,61.7999992370605,"High income",4323515,115463873883.03
"Kuwait",2013,4.98967404324728,1.14946444760899,21.9898903740465,75.9383803730373,2.07172925291626,97.4166793823242,92.5727386474609,57.75,"High income",3507844,113342577209.708
"Kyrgyz Republic",2016,2.21536474780135,4.33585592190116,32.0526453346722,62.8678023099597,5.07955235536804,100.429202896692,92.5431552749073,100,"Lower middle income",6175337.5,6967733666.77765
"Kyrgyz Republic",2014,2.20324802937797,4.02403863083252,31.4732696321384,63.7320257066441,4.79470466121749,101.615259986954,89.7830629556327,100,"Lower middle income",5905847.5,6429000667.90909
"Kyrgyz Republic",2015,2.24669276233179,3.87582544512439,31.8024079780309,63.2310498606937,4.96654216127541,101.019119688354,90.0671086448925,100,"Lower middle income",6040035.5,6678177511.66313
"Kyrgyz Republic",2018,2.15498002883632,3.75791013557165,32.3299691629984,62.5187488212999,5.1512820157017,100.821829500418,92.4328793827586,98.8703689575195,"Lower middle income",6444078.5,7572252145.25549
"Kyrgyz Republic",2017,2.10483099358697,4.73993722377884,32.180287628135,62.7005347701048,5.11917760176021,101.201463248112,91.9519109544673,100,"Lower middle income",6306695.5,7297999868.50301
"Lao PDR",2017,1.57029722559747,6.8925308726989,32.5273323571022,63.3704452186596,4.10222242423819,107.5012462198,66.1247784293668,57.2617301940918,"Lower middle income",7018147,16503694943.2856
"Lao PDR",2022,1.40971670105791,2.70742652643155,30.9169093958433,64.6659829349289,4.41710766922774,97.2226134363857,56.8832442136407,74.2638626098633,"Lower middle income",7559007,19570648221.6862
"Latvia",2016,-0.913885332226604,2.55168585354701,15.4056431495467,64.8189694891939,19.7753873612594,99.1985473632812,111.296806335449,98.7746353149414,"High income",1959537,27016796437.5492
"Latvia",2013,-1.07103480329077,2.09609114087881,14.5728039105618,66.4975087058683,18.9296873835699,100.386268615723,114.776809692383,99.6500015258789,"High income",2012647,24863312911.2871
"Latvia",2014,-0.941743354234222,2.09495959586268,14.8463580203886,65.9121509977439,19.2414909818675,99.8528213500977,113.706932067871,99.096923828125,"High income",1993782,25384189270.9715
"Latvia",2021,-0.843294678005026,6.94723316214511,16.0040878516876,63.1497512445726,20.8461609037398,99.7407684326172,105.814010620117,98.6869506835938,"High income",1884490,30285399223.0726
"Latvia",2018,-0.779138396192231,4.30971088766286,15.8327920696746,63.9690120502929,20.1981958800325,99.614387512207,109.155700683594,100,"High income",1927174,29139005014.4504
"Latvia",2020,-0.701211570733301,-3.46922915339618,15.9978297043827,63.329999339864,20.6721709557533,99.8328475952148,105.956283569336,98.8976745605469,"High income",1900449,28318076426.6769
"Latvia",2015,-0.818626340945853,3.78336528957813,15.1171438726669,65.3585402860759,19.5243158412573,99.3933181762695,112.356651306152,99.6500015258789,"High income",1977527,26344565876.8902
"Latvia",2017,-0.886215573292392,3.39894937779009,15.6721888361644,64.3170163194162,20.0107948444194,99.3678436279297,110.723251342773,98.6374206542969,"High income",1942248,27935083671.9621
"Latvia",2022,-0.271369577775699,1.8126824022841,15.9259950357856,63.0622419344807,21.0117630297337,99.41796875,104.764526367188,98.6521301269531,"High income",1879383,30834377325.2508
"Latvia",2019,-0.695239140136066,0.675375256812075,15.9402077979881,63.6525649819278,20.4072272200842,99.9834365844727,107.602462768555,100,"High income",1913822,29335802644.3992
"Latvia",2023,-0.103172153311714,1.70679524969924,15.6920488568824,62.9758563022871,21.3320948408305,NA,NA,100,"High income",1877445,31360657012.7125
"Lebanon",2019,-3.21837128976045,-6.91492472851026,27.9082883114848,63.3120025320152,8.77970915650001,NA,NA,86.2344131469727,"Lower middle income",5794594,46727888410.6848
"Lebanon",2018,-2.89884297122412,-1.88470575631651,27.4621771841288,64.2077418407169,8.33008097515432,NA,NA,84.4100036621094,"Lower middle income",5984119,50199119756.2008
"Lesotho",2019,1.17469837087993,-1.41799383085205,36.0717170297621,60.1484652771979,3.77981769304005,96.0932696538521,NA,99.5650863647461,"Lower middle income",2209405,2299976266.27346
"Lesotho",2018,1.22069019410404,-1.48063315848241,36.2917847246042,59.926850256205,3.78136501919076,100.601681516616,NA,58.2332305908203,"Lower middle income",2183603,2333058897.5103
"Liberia",2016,2.04312155500225,-1.5549586174878,42.26653037845,54.550690469021,3.18277915252897,84.1511009480743,NA,41.5743789672852,"Low income",4755608,3176896008.31
"Liberia",2019,1.98225492944197,-2.46729763532686,41.7171411461043,55.0727285542488,3.21013029964686,NA,NA,47.4837417602539,"Low income",5043721,3211334057.92828
"Liberia",2017,1.94324776688719,2.45515592012239,42.1337762631693,54.6785684124387,3.18765532439204,79.9273019985662,NA,46.3713111877441,"Low income",4848925,3254893758.73415
"Liberia",2014,2.08217532534285,0.701393100287518,42.4854470905519,54.317124873762,3.19742803568614,92.6740338678077,37.1417808532715,51.6752777099609,"Low income",4564293,3227674916.86578
"Lithuania",2018,-0.954190459209969,4.9183697945524,15.0467907330584,65.2222782837189,19.7309309832227,106.05738067627,103.014022827148,99.0596923828125,"High income",2801543,46812540143.4277
"Lithuania",2017,-1.39832220092102,4.61224314600778,14.9087808434028,65.5868165853012,19.504402571296,106.410949707031,102.791778564453,99.0800018310547,"High income",2828403,44618059006.3441
"Lithuania",2019,-0.264704354944785,4.67735155796807,15.1101157829283,65.0326934181688,19.8571907989029,104.706062316895,103.88060760498,99.198600769043,"High income",2794137,49002127219.1508
"Lithuania",2021,0.212805429536827,6.38001676204321,15.1100157005533,64.9429993871864,19.9469849122603,101.152992248535,108.505813598633,99.3768768310547,"High income",2800839,52150789442.1719
"Lithuania",2015,-0.940753796646208,2.83280857741104,14.613488913759,66.5062097265986,18.8803013596424,101.542343139648,102.153343200684,98.7200012207031,"High income",2904910,41540954817.2039
"Lithuania",2016,-1.27069453298857,2.67192019895775,14.7421177198012,66.0821066606207,19.1757756195781,104.223098754883,101.81990814209,99.0800018310547,"High income",2868231,42650895979.8047
"Lithuania",2020,0.0267667582795671,0.0428140173486753,15.1154362250468,64.9504098074069,19.9341539675463,103.468246459961,105.987487792969,99.2099990844727,"High income",2794885,49023106998.3996
"Lithuania",2014,-0.859827343070249,3.77254131499667,14.5849641070679,66.8115157399781,18.6035201529541,100.977882385254,102.44751739502,98.7099990844727,"High income",2932367,40396596564.7359
"Lithuania",2022,1.09366808005007,2.53752500887173,15.0489745979606,65.0902697077428,19.8607556942966,101.905830383301,106.918357849121,99.2761535644531,"High income",2831639,53474128766.591
"Lithuania",2013,-1.01200736818103,4.04691435091311,14.6486373111053,66.993627044439,18.3577356444558,101.754577636719,108.994407653809,98.7399978637695,"High income",2957689,38928020893.4211
"Luxembourg",2018,1.92883751398765,1.21932191856359,16.0943659030326,69.5280060384706,14.3776280584969,97.3428497314453,106.983123779297,99.3064422607422,"High income",607950,64671765568.8058
"Luxembourg",2015,2.35995118136865,2.26978448419565,16.5619030228116,69.2426817619957,14.1954152151927,97.4022521972656,104.379188537598,99.4352111816406,"High income",569604,60071584216.1375
"Luxembourg",2017,2.43097641776115,1.31718766293677,16.1825193987214,69.5106668868415,14.3068137144371,96.7351989746094,106.78434753418,99.2354125976562,"High income",596336,63892707778.4988
"Luxembourg",2014,2.35697870484045,2.62308601577192,16.746902183976,69.1279915294304,14.1251062865936,97.3061294555664,104.596977233887,99.6458511352539,"High income",556319,58738350255.7597
"Luxembourg",2013,2.31117625275217,3.17179049916005,16.9137587224523,69.0605655434262,14.0256757341215,97.7293472290039,103.469413757324,99.6395874023438,"High income",543360,57236975164.3722
"Luxembourg",2020,1.66635867423273,-0.909829798886719,15.9743861769085,69.440387442376,14.5852263807154,98.6442489624023,107.078948974609,99.3173675537109,"High income",630419,65951935965.6765
"Luxembourg",2021,1.51834936706612,7.16840198697749,15.9352870802188,69.3493722999841,14.7153406197971,98.4758377075195,106.482757568359,97.803840637207,"High income",640064,70679635853.8902
"Luxembourg",2016,2.15531198799205,4.97819043681629,16.351674190154,69.4058844296374,14.2424413802086,97.4095687866211,106.08519744873,99.6453018188477,"High income",582014,63062062076.8293
"Luxembourg",2019,1.9628449198635,2.9158479150005,16.0193368517632,69.5105964077186,14.4700667405182,98.3345489501953,106.946510314941,99.3012008666992,"High income",620001,66557495896.7378
"Luxembourg",2022,2.01666790212729,1.38018589083207,15.8788481775567,69.2787142447144,14.8424375777289,99.484260559082,107.83975982666,98.1843109130859,"High income",653103,71655146215.6371
"Macao SAR, China",2016,1.48219480492074,-0.679119307700333,13.2822753489413,77.6817068585387,9.03601779251992,101.28736114502,99.4636688232422,89.8300018310547,"High income",652500,44742259638.202
"Macao SAR, China",2014,4.91199595786127,-2.0484652159965,12.8095998059983,79.0006291946309,8.18977099937081,100.713661193848,101.758728027344,98.3790817260742,"High income",621700,57396728726.8363
"Madagascar",2018,2.60334538024635,3.19435651744398,40.9322941985732,56.0492179538872,3.01848784753958,136.93602734389,35.9789156556509,49.0800018310547,"Low income",27494926,12629254472.2012
"Madagascar",2015,2.63948434650119,3.13229807490305,41.9714963039348,55.2402498908382,2.78825380522701,142.889144859196,37.9068908691406,71.7350006103516,"Low income",25426702,11323020701.3017
"Madagascar",2021,2.51537360931706,5.73961573854336,40.1348984137763,56.6577985720494,3.20730301417432,145.696394232079,35.1450665804339,41.1929206848145,"Low income",29691083,12947986307.5875
"Malawi",2020,2.63573735113183,0.793596429787286,43.1180685360249,54.174280465166,2.70765099880912,136.815766207307,NA,46.8388786315918,"Low income",19533888,10928176721.465
"Malawi",2015,2.75359183453625,2.80000000125513,45.4289835052199,51.5010809988559,3.06993549592414,138.30826164904,40.2343711853027,47.284351348877,"Low income",17085587,9219474379.31534
"Malawi",2013,2.83808966369485,5.41034999949837,45.951684697799,50.7835676010532,3.26474770114781,139.181173470556,38.5908813476562,32.5197639465332,"Low income",16161816,8490733601.03216
"Malawi",2017,2.70808949087835,4.00000000038216,44.6414563644714,52.4613637188836,2.89717991664502,138.961991786345,38.4798812866211,79.5891494750977,"Low income",18039715,9827959688.29237
"Malaysia",2022,1.1977720012836,8.86182187578046,22.8336703559739,69.9806902873523,7.18563935667379,97.7554931318277,84.5425041170296,94.7900009155273,"Upper middle income",34695493,387694727478.777
"Malaysia",2021,1.15251304394292,3.31534954399166,23.3932786237229,69.6481154899357,6.95860588634135,101.166073779262,80.2709086459728,96.6997680664062,"Upper middle income",34282399,356134704342.139
"Malaysia",2020,1.33363323143911,-5.45684658426701,23.9610306519632,69.314063209174,6.7249061388628,101.867428878938,78.5830993652344,97.0555877685547,"Upper middle income",33889558,344706479641.244
"Malaysia",2016,1.76731054757933,4.44978139761541,25.5019415023782,68.6181245800623,5.87993391755952,99.9245975393664,83.6966400146484,93.9400024414062,"Upper middle income",31789685,314764917575.088
"Malaysia",2019,1.59646653343981,4.41318742129586,24.4741126096274,69.0435656266947,6.48232176367792,101.383613987303,80.5930786132812,94.370002746582,"Upper middle income",33440596,364602265936.14
"Malaysia",2017,1.76466064017847,5.81272240983328,25.2040737436091,68.7308114044831,6.06511485190783,100.663315389074,83.7138519287109,96.676025390625,"Upper middle income",32355644,333061328477.268
"Malaysia",2018,1.70174731907235,4.84308697634881,24.8758172313807,68.8574738627401,6.26670890587931,100.936721310936,79.6654891967773,96.5948104858398,"Upper middle income",32910967,349191778300.005
"Maldives",2014,3.33008930667728,7.80109480695134,23.5287717864595,72.3732341755779,4.09799403796266,96.8026029307434,NA,41.0418739318848,"Upper middle income",413617,3971758368.31861
"Maldives",2017,3.3230837355609,7.05453901381581,22.4629980776238,73.6693382094626,3.86766371291352,96.9436423911881,NA,62.982349395752,"Upper middle income",458287,4711369798.88163
"Maldives",2016,3.47818441091268,6.57223606622583,22.8470950219712,73.2207629909679,3.93214198706091,98.1044461393513,NA,43.1777496337891,"Upper middle income",443308,4400906157.06973
"Maldives",2019,3.04593554452725,7.29833574515027,21.6703469740492,74.4968025407448,3.83285048520598,97.1278500186886,70.7690811157227,92.861572265625,"Upper middle income",487731,5493408290.20633
"Mali",2017,3.18823649379751,5.30545608438166,47.8892998113538,49.5343526921363,2.57634749650993,76.4468078613281,39.5736885070801,19.5602016448975,"Low income",19813011,14607651053.629
"Mali",2016,3.16701291267986,5.85229919941415,47.9672952669491,49.4281689617574,2.60453577129353,73.5641021728516,41.2106895446777,12.8299999237061,"Low income",19191289,13871694399.1238
"Mali",2019,3.01814494306617,4.75616080770808,47.5809167229536,49.8960730509992,2.52301022604725,NA,NA,17.4766998291016,"Low income",21068405,16028741130.4821
"Mali",2014,3.16065691731413,7.08468388056527,47.9549289684478,49.3753963072633,2.6696747242889,73.4566497802734,42.4749717712402,11.6274261474609,"Low income",18020267,12342980316.1789
"Mali",2015,3.1289280097663,6.17180002424978,47.9908241920006,49.3759056489042,2.63327015909517,72.1444473266602,40.1157302856445,14.6999998092651,"Low income",18593022,13104764378.326
"Mali",2018,3.1254232369578,4.74648432724561,47.7693714315401,49.6819285971581,2.54869997130177,72.0947494506836,38.9281616210938,15.6199998855591,"Low income",20442030,15301000921.4682
"Mali",2020,3.01751361469378,-1.235450447077,47.3193439270552,50.1900573945124,2.49059867843247,74.6229097090378,NA,13,"Low income",21713836,15830713976.5248
"Mali",2013,2.92078257453733,2.29506828962617,47.8751994245005,49.4139790596757,2.7108215158238,72.5381469726562,40.4660987854004,6.81395816802979,"Low income",17459615,11526373211.2665
"Mali",2022,3.00942592606239,3.47495171106735,46.7500728135142,50.8237180487365,2.4262091377493,NA,NA,27.2641944885254,"Low income",23072640,16880866888.027
"Malta",2020,2.21120767752363,-3.47468750932252,13.3328123055191,68.1674197448314,18.4997679496494,96.802490234375,102.924011230469,98.9700012207031,"High income",515332,14359895887.8999
"Malta",2019,3.93135631850717,4.08470602847339,13.5549402746543,67.8634883252598,18.5815714000859,98.1748886108398,104.505729675293,98.6512451171875,"High income",504062,14876818854.4189
"Malta",2013,1.4040502758129,6.29171574401258,14.4818853898624,68.1661327685099,17.3519818416277,101.232513427734,96.2600631713867,98.4400024414062,"High income",425967,9611949009.54642
"Malta",2018,3.49195540302534,7.18909653691901,13.7973305541654,67.4529854558025,18.7496839900321,99.5983276367188,104.642509460449,98.9300003051758,"High income",484630,14292992142.7162
"Malta",2017,2.73866285589301,12.972119343498,14.0299528213677,67.1569397470627,18.8131074315696,99.609992980957,103.138412475586,98.8950958251953,"High income",467999,13334371316.2031
"Malta",2014,1.9967544083193,7.63112937482686,14.3422837868785,67.7141532091479,17.9435630039737,100.673332214355,96.2309799194336,98.4700012207031,"High income",434558,10345449273.9073
"Malta",2016,2.28861544064371,4.07771929481284,14.1552576608555,67.1891782660361,18.6555640731084,99.9404602050781,94.9765701293945,98.9300003051758,"High income",455356,11803240829.4114
"Malta",2021,0.619810315667809,13.4603051960595,13.2261838583537,68.00171251,18.7721036316463,95.4136581420898,103.094459533691,99.2930068969727,"High income",518536,16292781700.2476
"Malta",2015,2.38639536345808,9.62109756228348,14.2302864957004,67.4423935430878,18.3273199612118,100.305511474609,95.1571197509766,98.8600006103516,"High income",445053,11340795041.8065
"Malta",2022,2.47144374003649,4.14788281601133,13.2114837028959,67.5041462195565,19.2843700775476,93.5346603393555,102.695037841797,99.1008529663086,"High income",531511,16968587192.6425
"Marshall Islands",2019,-2.86271396531764,10.4521147301896,35.0879983638781,61.3386658789042,3.57333575721768,106.27294921875,110.421463012695,98.418830871582,"Upper middle income",44007,227200000
"Marshall Islands",2021,-3.18559640580083,1.22227252150293,34.4272004254599,61.7049822322141,3.86781734232601,103.813346862793,117.979591369629,92.613395690918,"Upper middle income",41367,223600000
"Mauritania",2015,3.00605924056849,5.37633924099251,44.2531105658317,52.2134686986765,3.53342073549181,96.381950378418,31.0638809204102,32.2449607849121,"Lower middle income",3965959,6166863896.68677
"Mauritania",2013,3.135806545909,4.1508131898954,44.17474031741,52.0748966645454,3.75036301804466,93.1958236694336,30.1454391479492,30.4699993133545,"Lower middle income",3734318,5612311839.16241
"Mauritania",2019,2.95347297852629,3.14100489306969,43.9837384179987,52.7171314687531,3.29913011324822,90.7190322875977,37.4504814147949,21.0137996673584,"Lower middle income",4467708,7171275534.84383
"Mauritania",2017,2.98778789331469,6.27054566937677,44.2001786206453,52.4143770976081,3.38544428174658,87.7418365478516,31.6240005493164,59.5608139038086,"Lower middle income",4210600,6636194355.58626
"Mauritius",2016,0.0687082325715694,3.8624682634,18.3973800968955,72.2217039975507,9.38091590555375,96.7216033935547,94.4362487792969,94.8660507202148,"Upper middle income",1263747,12471068851.5812
"Mauritius",2019,0.0322330642925213,2.89128499346516,16.872312966951,72.2329293227705,10.8947577102786,95.4230804443359,93.135498046875,95.1920013427734,"Upper middle income",1265985,13871328044.4569
"Mauritius",2013,0.242165626741126,3.36040609974133,19.7401825817294,72.2340370732856,8.02578034498505,98.0594329833984,93.7982864379883,93.5517959594727,"Upper middle income",1258927,11153101416.1964
"Mauritius",2020,0.00229068020969373,-14.5465381490166,16.3546398404642,72.2441851494245,11.4011750101113,95.0063934326172,89.5019989013672,98.8074417114258,"Upper middle income",1266014,11853530018.6947
"Mauritius",2014,0.181022097854624,3.82696982009337,19.3293831406934,72.2508706432524,8.4197462160542,97.2874984741211,97.0753479003906,94.2449722290039,"Upper middle income",1261208,11579927241.3987
"Mauritius",2015,0.132404330287967,3.69055690369433,18.8617287877082,72.2583535786293,8.87991763366248,97.3207168579102,93.9682006835938,94.7435531616211,"Upper middle income",1262879,12007291045.6489
"Mauritius",2017,0.0901672663767558,3.93798380632353,17.9120679035064,72.1965591114589,9.89137298503473,96.478630065918,92.5403289794922,94.8832550048828,"Upper middle income",1264887,12962177523.4319
"Mauritius",2018,0.0545354541381391,4.00674057198549,17.3975924741249,72.2057581526241,10.3966493732511,96.4494018554688,91.4171371459961,94.900993347168,"Upper middle income",1265577,13481538349.276
"Mauritius",2021,0.0252729878913446,3.40379866177662,15.8821325178851,72.2163589524575,11.9015085296574,99.8860168457031,NA,95.3714370727539,"Upper middle income",1266334,12257000314.8444
"Mauritius",2022,-0.301401216835277,8.87988519700977,15.4755453893982,72.1286907010613,12.3957639095405,NA,NA,97.0994567871094,"Upper middle income",1262523,13345407871.3997
"Mexico",2016,0.969124204799117,1.77249323845399,27.5802572831292,65.6181532325894,6.8015894842814,106.391220092773,102.871368408203,79.2300033569336,"Upper middle income",122251351,1234800030119.7
"Mexico",2018,0.9466023549862,1.97208210249194,26.7483787169189,66.1073972501309,7.14422403295026,105.188163757324,105.964653015137,80.5800018310547,"Upper middle income",124573711,1282719194684.06
"Mexico",2015,1.06956376155677,2.70232342550646,27.9777528149171,65.3713988069245,6.65084837815842,106.963432312012,100.982269287109,79.2300033569336,"Upper middle income",121072306,1213294467716.88
"Mexico",2013,1.29730808025224,0.852101559410627,28.6828647635981,64.9234762415024,6.39365899489954,110.109268188477,93.2623062133789,78.1100006103516,"Upper middle income",118343573,1152513808584.62
"Mexico",2014,1.21002702971431,2.50376350288664,28.3445326761251,65.1410033743916,6.51446394948331,108.573143005371,97.3196868896484,77.0299987792969,"Upper middle income",119784261,1181370028689.69
"Mexico",2020,0.820454117563552,-8.3540345574586,25.9842947015035,66.5296254239814,7.48607987451515,104.517730712891,102.58154296875,82.120002746582,"Upper middle income",126799054,1170944075658.48
"Mexico",2021,0.66740537533078,6.04848344290505,25.6612568545109,66.7529844097424,7.58575873574664,103.358810424805,98.3202514648438,84.5522766113281,"Upper middle income",127648148,1241768434200.36
"Mexico",2022,0.753116988604166,3.68911109348025,25.3113209855908,66.943409174418,7.74526983999124,102.004783630371,98.3576583862305,83.3099975585938,"Upper middle income",128613117,1287578651261.79
"Mexico",2017,0.935239396499786,1.87172853327193,27.1658495783116,65.8682302477857,6.96592017390268,105.797607421875,105.11018371582,81.4199981689453,"Upper middle income",123400057,1257912134612.3
"Mexico",2019,0.950144329831411,-0.392690521579212,26.3467733838135,66.3185850415085,7.33464157467799,105.095039367676,105.515609741211,83.2612609863281,"Upper middle income",125762982,1277682077988.06
"Mexico",2023,0.872178517508623,3.19998116598492,24.9179721383635,67.0953820717364,7.98664578990007,NA,NA,85.7091598510742,"Upper middle income",129739759,1328780925599.41
"Micronesia, Fed. Sts.",2014,0.254021760761961,-2.30577574529325,34.3675043359534,61.9091110373076,3.72338462673899,97.8263841421736,NA,90.7663650512695,"Lower middle income",108396,302508316.50838
"Moldova",2018,-1.75700442074845,4.07559546585034,19.4953790269623,67.1972110865303,13.3074098865074,103.337387084961,95.9159164428711,99.4400024414062,"Upper middle income",2707203,8847128857.51461
"Moldova",2017,-1.72705846625605,4.17561205106279,19.1468131727048,68.0235384558779,12.8296483714172,103.681900024414,94.3638229370117,99.4533538818359,"Upper middle income",2755189,8500675703.95748
"Moldova",2015,-0.767049559673864,-0.338235622387202,18.2318834363172,70.0589368131714,11.7091797505114,105.72200012207,105.059288024902,99.3899993896484,"Upper middle income",2835978,7797667196.73087
"Moldova",2016,-1.16302237797705,4.64601436259409,18.7172191930679,68.983696924511,12.2990838824212,104.464431762695,106.047653198242,99.4201812744141,"Upper middle income",2803186,8159947934.63828
"Moldova",2023,-2.84274212689094,0.78324270969388,19.9922238488199,64.3930689550613,15.6147071961188,NA,NA,99.5303649902344,"Upper middle income",2457783,9164831732.38352
"Moldova",2013,-0.0267837694756349,9.0438656074181,17.4347394013179,71.9494974312337,10.6157631674484,NA,NA,99.120002746582,"Upper middle income",2859558,7451580071.77113
"Moldova",2019,-1.60031653578231,3.5523140853476,19.779429293296,66.4191106875943,13.8014600191097,105.074920654297,95.6507568359375,99.4199981689453,"Upper middle income",2664224,9161406662.06896
"Moldova",2020,-1.09803165876287,-8.27597831976949,19.9923691755093,65.7164519859204,14.2911788385703,106.519981384277,96.17333984375,99.5400009155273,"Upper middle income",2635130,8403210632.93021
"Moldova",2021,-1.50342952349937,13.9299997889786,20.1461350426296,65.1563102257656,14.6975547316048,106.778422255742,96.5853430388789,99.5699996948242,"Upper middle income",2595809,9573777856.36482
"Moldova",2014,-0.0609720602101012,4.99962585407656,17.752382872694,71.1653482250474,11.0822689022586,107.428909301758,104.383476257324,99.2900009155273,"Upper middle income",2857815,7824131195.57662
"Moldova",2022,-2.62110760462091,-5.01548231924089,20.1457277167038,64.7372708643745,15.1170014189217,106.97324544397,97.6136725974109,99.5100021362305,"Upper middle income",2528654,9093606720.69544
"Monaco",2016,1.40210042123736,3.00844358752744,12.1861251207211,52.8047537289409,35.009121150338,144.476531982422,154.156982421875,99.9925537109375,"High income",37276,6453228194.42908
"Mongolia",2020,1.80542008661223,-4.55775197583431,32.7657940634538,62.9278480776094,4.30635785893672,95.1245852940768,95.9892657742893,91.0299987792969,"Lower middle income",3327204,13528524951.0287
"Mongolia",2021,1.684959051396,1.63676957736662,32.9207581338777,62.6443179783416,4.43492388778066,94.985695085763,99.7959558672287,96.278076171875,"Lower middle income",3383741,13749955731.6936
"Mongolia",2019,1.8371507310985,5.60224422064255,32.3050691134454,63.5207736361981,4.17415725035646,96.0952445320788,89.1558423616889,97.4604949951172,"Lower middle income",3267673,14174566537.4555
"Mongolia",2018,1.86480192831175,7.74488062024881,31.6053636290742,64.3450654827184,4.04957088820743,96.7014588979647,91.1449660838225,87.5808029174805,"Lower middle income",3208189,13422599720.3616
"Mongolia",2013,2.06694708057063,11.6489161878925,28.4503155023501,67.7570641546867,3.79262034296318,107.471267700195,NA,96.9898071289062,"Lower middle income",2899011,10520241544.9149
"Mongolia",2014,2.18707605433318,7.88522548204762,28.933894969119,67.2583455385159,3.8077594923651,100.203521728516,NA,96.5514068603516,"Lower middle income",2963113,11349786311.9875
"Mongolia",2016,2.02736957640078,1.48978448679577,30.2067178109005,65.9081521646192,3.8851300244803,97.6402176491306,NA,97.2771530151367,"Lower middle income",3088856,11793003947.8926
"Mongolia",2017,1.92577883760149,5.63687638694772,30.904816574345,65.1412012251141,3.95398220054092,96.3200636038389,NA,96.9033126831055,"Lower middle income",3148917,12457761002.7432
"Mongolia",2022,1.46704738017187,5.0327096366527,32.8847775334722,62.4988814284639,4.61634103806392,95.5634577935822,97.6302037098505,96.2594146728516,"Lower middle income",3433748,14441951078.838
"Mongolia",2023,1.3708886685104,7.4221127615025,32.6374717451465,62.498927353612,4.8636009012415,95.7762310753373,99.1215283290276,97.5942153930664,"Lower middle income",3481145,15513848972.8704
"Mongolia",2015,2.12866951701474,2.37983580731722,29.5319492475371,66.6300187920446,3.83803196041828,98.0040262800606,NA,97.0015487670898,"Lower middle income",3026864,11619892590.6941
"Montenegro",2014,0.0970220113323688,1.78369858106701,18.6493615922696,67.347085846695,14.0035525610354,NA,NA,97.2458648681641,"Upper middle income",621810,3921767211.59682
"Montenegro",2016,0.0231425307711559,2.94928032097511,18.5531082573687,66.6210651687589,14.8258265738724,100.174591064453,90.5575180053711,97.379035949707,"Upper middle income",622303,4174315433.82382
"Montenegro",2013,0.097599636675676,3.54897991245058,18.7105230949025,67.5955164422124,13.6939604628851,NA,NA,100,"Upper middle income",621207,3853040581.41813
"Montenegro",2022,-0.323190384386897,6.40668032879275,18.4714002741409,64.3826746224462,17.1459251034129,105.621368408203,92.1609725952148,93.7378616333008,"Upper middle income",617213,4869340027.24234
"Montenegro",2020,-0.116139360968958,-15.3068937570407,18.4380731492676,64.9212498046666,16.6406770460658,103.846572875977,92.3578720092773,98.5769195556641,"Upper middle income",621306,4048142110.54292
"Montenegro",2017,0.011247907097728,4.71646527572034,18.4919373630795,66.2702069863017,15.2378556506188,100.943252563477,90.6022262573242,97.7878723144531,"Upper middle income",622373,4371195571.75916
"Montenegro",2018,-0.0234613531527775,5.0778888113381,18.4355183137245,65.856413254411,15.7080684318645,103.264472961426,91.4442672729492,98.1055450439453,"Upper middle income",622227,4593160022.61922
"Montenegro",2015,0.0561107244885728,3.39038139712073,18.6079647215213,66.9715591145357,14.420476163943,101.203620910645,91.863410949707,97.6928939819336,"Upper middle income",622159,4054730077.57718
"Montenegro",2021,-0.337762721786185,13.0434642521552,18.4866949683738,64.6004267612596,16.9128782703666,104.399673461914,93.1638412475586,95.0364303588867,"Upper middle income",619211,4576160079.60802
"Montenegro",2019,-0.0319870125812963,4.06294499167197,18.417143982873,65.3815437006931,16.2013123164339,103.651741027832,91.84033203125,98.3271179199219,"Upper middle income",622028,4779777587.71771
"Morocco",2014,1.22723874148544,2.7192440802029,28.2848084390544,66.0797555195502,5.63543604139538,108.563468933105,NA,33.8537292480469,"Lower middle income",34204780,105816536606.04
"Mozambique",2015,2.90106067133475,7.3930936986377,45.6923754516538,51.5651798295306,2.74244471881563,114.509567260742,34.7621917724609,35.6100006103516,"Low income",26547572,16208985769.615
"Mozambique",2022,2.9473431712575,4.36445074535436,44.9533222526557,52.2735788430795,2.77309890426475,121.177581787109,37.8922391567718,32.0928802490234,"Low income",32656246,19465045724.9322
"Mozambique",2020,2.96490034295304,-1.21952250011192,45.1844236467054,52.004506412617,2.81106994067767,120.161659240723,41.2977552767328,42.1300010681152,"Low income",30783688,18217911539.7402
"Myanmar",2018,0.72443284342539,6.26886221471075,25.6259533440944,68.2443282784871,6.1297183774185,118.851997375488,75.6469802856445,71.5102844238281,"Lower middle income",52272247,71172235145.7162
"Myanmar",2017,0.772302033467657,6.13610824360305,25.9085442977117,68.1401536697086,5.95130203257975,120.053680419922,71.2600784301758,70.8153915405273,"Lower middle income",51894938,66973743448.8725
"Myanmar",2016,0.792792538685626,5.86247291517364,26.2057454277344,68.0094410220225,5.78481355024311,117.938522338867,67.0034103393555,54.6453094482422,"Lower middle income",51495696,63101751663.2085
"Myanmar",2019,0.702425162747352,6.57911006765414,25.3740911526027,68.3076557112743,6.31825313612298,NA,NA,63.4700012207031,"Lower middle income",52640713,75854734833.5625
"Myanmar",2015,0.800670952631538,6.99284029025125,26.5026567187174,67.8674858258047,5.62985745547791,NA,NA,64.8758773803711,"Lower middle income",51089056,59607290407.5944
"Myanmar",2020,0.711376906349628,-9.04834717984643,25.145748198512,68.3464361199178,6.50781568157013,NA,NA,87.4674682617188,"Lower middle income",53016522,68991135073.4698
"Namibia",2014,2.61288080068243,6.09251915977956,36.5482214841369,59.9350774185889,3.51670109727423,NA,NA,67.5190811157227,"Upper middle income",2312139,10871578021.6669
"Namibia",2013,2.60198589808047,5.61471962254485,36.6062266163376,59.8920536335617,3.50171975010072,123.491569519043,NA,63.5514221191406,"Upper middle income",2252508,10247261642.7308
"Namibia",2016,2.69727890929136,0.0337944502063294,36.5439180588165,59.9115575392555,3.544524401928,130.084174844398,NA,79.5960235595703,"Upper middle income",2439213,11338991738.8743
"Nauru",2013,2.40581272210636,3.64774041663625,37.9908719216507,60.6779499857374,1.33117809261196,NA,NA,99.505859375,"High income",10517,70575646.4076631
"Nauru",2021,0.565263581170869,7.20659466591439,38.2756117350643,59.5037793056326,2.22060895930307,NA,NA,94.1545333862305,"High income",11709,96978233.3230252
"Nepal",2021,1.74002411752275,4.838149614115,29.3609213364135,64.5282088114644,6.11086985212219,118.338553732728,83.5162189990173,46.3495292663574,"Lower middle income",29475010,31325711777.1674
"Nepal",2017,0.199389989212823,8.97727935643466,32.0596418768482,62.1528886706909,5.78746945246086,140.821411132812,73.9423522949219,51.2238502502441,"Lower middle income",28011258,26662720369.2492
"Nepal",2016,0.472697719209503,0.433113719381524,32.5018792391984,61.8722917188777,5.6258290419239,143.414505004883,71.8179016113281,39.0746917724609,"Lower middle income",27955462,24466311259.2881
"Nepal",2019,1.18377302604311,6.65705543110467,30.9398988286205,63.0119007793447,6.04820039203474,136.665664672852,79.3168182373047,44.3639488220215,"Lower middle income",28414064,30605298792.5448
"Netherlands",2015,0.443220089035769,2.12060522421717,16.6382472460947,65.6050618465085,17.7566909073968,106.059417724609,114.137916564941,98.4499969482422,"High income",16939923,775743675302.734
"Netherlands",2018,0.583933408920832,2.25874039624952,16.0002168612242,65.248775211947,18.7510079268288,104.561111450195,114.50032043457,98.5100021362305,"High income",17231624,835096710123.568
"Netherlands",2013,0.294820793441482,-0.0302324516552943,17.0822699249717,66.0375664309138,16.8801636441145,NA,NA,98.4700012207031,"High income",16804432,747579280835.076
"Netherlands",2016,0.532178879608489,2.42428576536633,16.4165469270507,65.4890558058781,18.0943972670713,105.680366516113,112.994277954102,98.5100021362305,"High income",17030314,794549918798.828
"Netherlands",2017,0.591203366164118,2.7815460987956,16.2134912508367,65.3662757423029,18.4202330068604,105.039421081543,115.225227355957,98.0064239501953,"High income",17131296,816650691068.16
"Netherlands",2021,0.523490508168757,6.27683073230526,15.4869781775407,64.8512129916232,19.6618088308361,104.378402709961,135.962173461914,98.2358627319336,"High income",17533044,872809728969.262
"Netherlands",2022,0.953278922854537,5.00723459045037,15.3509962706976,64.74772068865,19.9012830406524,104.215446472168,138.767501831055,98.5481567382812,"High income",17700982,916513359627.026
"Netherlands",2014,0.359828172726548,1.61261007449123,16.8645600403075,65.7829993073729,17.3524406523196,NA,NA,98.4300003051758,"High income",16865008,759634819632.632
"Netherlands",2020,0.55554079025497,-3.86795339323423,15.6195584090952,65.0100463629003,19.3703952280046,104.338813781738,136.284164428711,98.5599975585938,"High income",17441500,821260591753.75
"Netherlands",2019,0.65507157480522,2.30009159476197,15.7938725270359,65.1412740704822,19.0648534024819,104.578910827637,114.804168701172,97.7570343017578,"High income",17344874,854304699361.253
"New Zealand",2018,1.79124016759035,3.49949703045593,19.3128555125267,65.6292575548676,15.0578869326057,98.5529708862305,112.411079406738,92.0514144897461,"High income",4900600,197743680329.155
"New Zealand",2020,2.20478869594563,-0.424906457573115,19.0190132142776,65.3602688024111,15.6207179833113,97.5365295410156,116.893188476562,81.9027709960938,"High income",5090200,201554239788.002
"New Zealand",2014,1.66101200071152,3.75431941509395,20.1662376356489,65.4645838819204,14.3691784824307,98.6514434814453,116.084312438965,93.249137878418,"High income",4516500,171693137607.002
"New Zealand",2019,1.59115889619722,2.36196217785604,19.166122596844,65.5322656370177,15.3016117661383,98.2542037963867,120.266319274902,81.5388946533203,"High income",4979200,202414311267.63
"New Zealand",2015,2.0360339086492,3.73403577291154,19.8783752767917,65.5662654049205,14.5553593182878,98.5381393432617,114.889991760254,91.8097839355469,"High income",4609400,178104220784.881
"New Zealand",2017,2.08872272281936,3.39728250444887,19.4533729821704,65.6780741744094,14.8685528434202,98.4804382324219,112.943313598633,91.6605987548828,"High income",4813600,191057624435.572
"New Zealand",2016,2.24603210015584,3.74831145236631,19.6320817346339,65.6566173959705,14.7113008693955,98.5837478637695,113.687911987305,91.63623046875,"High income",4714100,184780121689.709
"Nicaragua",2021,1.20325375827905,10.3160912841791,30.0544671342344,64.7815844138997,5.16394845186592,106.951305961302,NA,84.9883728027344,"Lower middle income",6644741,14193856859.1735
"Nicaragua",2014,1.37171758610881,4.78649248722054,32.5607643231677,62.846399768301,4.59283590853132,110.615097409159,NA,57.4700012207031,"Lower middle income",6066492,12173404097.2463
"Niger",2014,3.6892808045974,6.64213665495603,49.3246975722044,48.241566402089,2.43373602570662,72.2660064697266,18.8901805877686,14.877646446228,"Low income",19215909,9276388744.59484
"Niger",2022,3.25170642220024,11.9000000000277,47.3266584157624,50.1226158861658,2.55072569807182,68.331413269043,NA,17.5114326477051,"Low income",25311973,14346774735.5026
"Niger",2017,3.56007044831691,5.00536078615544,48.8152696049509,48.711024050747,2.47370634430218,78.1794204711914,25.3490695953369,15.7630109786987,"Low income",21435446,10752347793.0235
"Niger",2018,3.45088050525461,7.21141802762897,48.5876170657302,48.9209628832505,2.49142005101931,70.6374789328629,NA,12.5607004165649,"Low income",22188069,11527744540.163
"Niger",2019,3.36654855482346,5.93985257123522,48.3222707055363,49.1669828740346,2.5107464204291,69.7781677246094,NA,16.6884860992432,"Low income",22947757,12212475570.6373
"Nigeria",2019,2.1944019229433,2.20842927714881,43.2268011629494,53.7983137946911,2.97488504235954,83.2573913283786,NA,65.0578384399414,"Lower middle income",209485641,509371727735.743
"Nigeria",2016,2.47183239057048,-1.61686894906529,44.1420861864568,52.8926220185148,2.96529179502844,81.9161682128906,40.9102096557617,63.2583618164062,"Lower middle income",195443700,485055087455.82
"Nigeria",2021,2.09618685225463,3.64718654072446,42.3946991196532,54.6149618714835,2.99033900886324,86.7234268188477,47.2372283935547,65.3177337646484,"Lower middle income",218529286,518476715283.896
"Nigeria",2018,2.31217263003389,1.92275734200651,43.5736689811882,53.4598457316183,2.96648528719345,84.6760635375977,42.1684494018555,61.5919418334961,"Lower middle income",204938755,498365674277.734
"Nigeria",2022,2.09281687128387,3.25168140827093,41.9524339305195,55.0396238495041,3.00794221997644,NA,NA,87.0976104736328,"Lower middle income",223150896,535335926240.996
"North Macedonia",2018,-0.507220756968942,2.88059670964267,17.3522714279649,67.562678785047,15.0850497869881,95.5603866577148,83.3533935546875,91.2897796630859,"Upper middle income",1889051,10764555646.4726
"North Macedonia",2021,-1.02945804668594,4.51067949038222,17.2219873778265,66.0536192522584,16.724393369915,93.2624588012695,84.1619567871094,94.7772216796875,"Upper middle income",1837114,11141955229.994
"North Macedonia",2017,-0.40242158713311,1.08177273813243,17.5458175254144,67.9961161917142,14.4580662828714,95.2024078369141,84.6865386962891,93.4173126220703,"Upper middle income",1898657,10463154366.0785
"North Macedonia",2016,-0.320367473371963,2.84820519363306,17.7836742154723,68.3122503676847,13.9040754168431,NA,NA,92.7706832885742,"Upper middle income",1906313,10351178142.8536
"North Macedonia",2022,-0.294481335654044,2.75888415332967,17.1987731988286,65.7535485995523,17.047678201619,97.4866561889648,91.4516372680664,94.8307647705078,"Upper middle income",1831712,11449348867.2054
"North Macedonia",2019,-0.679308688552216,3.91041953840173,17.2420652799976,66.9991320803039,15.7588026396984,93.6538467407227,82.5312805175781,93.5555801391602,"Upper middle income",1876262,11185494933.6944
"North Macedonia",2015,-0.267729528193655,3.85586514041738,18.0456541871553,68.5500811466163,13.4042646662284,96.8858184814453,84.9836273193359,92.2767333984375,"Upper middle income",1912430,10064519962.5655
"North Macedonia",2020,-1.07910572041332,-4.68845000956652,17.2117164628178,66.4419445244978,16.3463390126845,93.4353332519531,82.4416732788086,93.6399993896484,"Upper middle income",1856124,10661068595.4055
"North Macedonia",2013,-0.368848270904885,2.92525766450484,18.5822389334817,68.9591860049273,12.458575061591,96.9780578613281,83.8025588989258,90.7169494628906,"Upper middle income",1922716,9351477059.69398
"North Macedonia",2014,-0.268678976911211,3.62912351276373,18.3345859402197,68.7390615884657,12.9263524713146,95.9001388549805,83.6949768066406,91.8374557495117,"Upper middle income",1917557,9690853712.45803
"North Macedonia",2023,-0.212923714310977,2.07274977880975,17.0678427766327,65.4304246393509,17.5017325840163,NA,NA,94.9431533813477,"Upper middle income",1827816,11686665220.5256
"Norway",2016,0.880969815359919,1.16472423497285,17.8728998929141,65.6098291381007,16.5172709689852,99.2261276245117,116.6455078125,99.6699981689453,"High income",5234519,392680500155.007
"Norway",2013,1.20914158930136,1.01619082409272,18.2891679131092,65.9319176134364,15.7789144734543,99.6445617675781,114.515380859375,99.9536590576172,"High income",5079623,373433130102.304
"Norway",2022,0.898395220610608,3.00563516076298,16.7861521076037,64.8837143883647,18.3301335040316,98.9667587280273,119.442527770996,97.7384033203125,"High income",5457127,433484840343.081
"Norway",2021,0.534772281874925,3.90868677689417,16.9884915942143,64.9374857909645,18.0740226148213,98.9731903076172,119.816871643066,91.4885406494141,"High income",5408320,420836044228.583
"Norway",2017,0.807673181884948,2.46374628510146,17.7817532492452,65.4370047012372,16.7812420495177,99.2714920043945,117.301460266113,99.6900024414062,"High income",5276968,402355151389.893
"Norway",2014,1.12773667734928,2.04813199855084,18.1340056585098,65.8376180924379,16.0283762490523,99.4921569824219,113.479888916016,99.6500015258789,"High income",5137232,381081533533.12
"Norway",2020,0.588757324043059,-1.2781717845226,17.2110323076155,65.0607837656888,17.7281839266957,98.8857498168945,119.941543579102,99.1379623413086,"High income",5379475,405005642244.497
"Norway",2018,0.660090844249,0.828900664137592,17.6387642308259,65.2758388121435,17.0853969570307,99.1744232177734,117.714706420898,99.449821472168,"High income",5311916,405690275911.956
"Norway",2015,0.995084736958414,1.85733972643303,17.9809282529036,65.744297773447,16.2747739736493,99.3740463256836,115.210121154785,99.6699981689453,"High income",5188607,388159512245.53
"Norway",2019,0.675061373245644,1.12377787436797,17.4376307856202,65.167513583566,17.3948556308139,99.0806503295898,119.421340942383,99.7099990844727,"High income",5347896,410249333471.117
"Oman",2015,4.45776887230624,5.01705799719045,22.248742202612,75.1763425366706,2.57491526071741,104.035346984863,102.172729492188,83.8899993896484,"High income",4184895,78710793237.9714
"Oman",2017,3.28242998732701,0.304057565922449,22.280067435147,75.1697476735833,2.5501848912697,103.705848693848,101.806747436523,94.4772491455078,"High income",4537396,82934277088.5646
"Oman",2018,1.32413960038748,1.28710391543288,22.8822646971347,74.534173648602,2.5835616542633,101.079902648926,104.058486938477,94.4772415161133,"High income",4597877,84001727416.2074
"Oman",2019,-0.144431732263903,-1.12863801728058,23.9853669193144,73.4038901464767,2.61074293420886,99.6718215942383,102.221549987793,94.4772186279297,"High income",4591241,83053651985.4157
"Oman",2021,-0.489266037731458,2.5821749892893,26.7107610305162,70.6732743403733,2.6159646291105,89.1980285644531,94.2872695922852,76.1245040893555,"High income",4500424,82318780120.4001
"Oman",2022,4.98013669293962,9.5771061309605,26.2208613288245,71.1215912305247,2.65754744065083,90.096809387207,91.9760131835938,98.4400024414062,"High income",4730226,90202537058.2429
"Pakistan",2021,1.8867779716011,6.51388575852702,37.5856838554854,58.362142214514,4.05217393000066,84.3684597161784,41.8552345316015,50.4628562927246,"Lower middle income",239477801,381973779235.3
"Pakistan",2016,1.30216393815952,6.57383828511043,38.6498575102833,57.4997238618041,3.85041862791259,79.8399701958586,36.3533679861146,95.8576202392578,"Lower middle income",220138869,319682711890.74
"Pakistan",2013,1.62722414834854,4.36686504978387,38.9429265910198,57.2671270798072,3.78994632917293,70.2436408942136,32.1165109008871,48.5400009155273,"Lower middle income",211073978,276443758787.987
"Pakistan",2014,1.50032405388564,4.11642817161422,38.8636272293292,57.331028476506,3.80534429416474,74.3189018516843,33.214222759511,49.810001373291,"Lower middle income",214264647,287823367553.405
"Pakistan",2015,1.40250113589189,4.21794209572506,38.7612117135196,57.4178688790589,3.82091940742152,74.8479908789247,35.1742522238373,47.7790756225586,"Lower middle income",217290883,299963590534.773
"Pakistan",2017,1.41409990353131,4.43262590683975,38.4997568066237,57.611377824421,3.88886536895529,78.8430583504664,35.8526761779574,48.8300018310547,"Lower middle income",223273967,333853050597.697
"Pakistan",2018,1.62371483290292,6.15170261099519,38.2979161633197,57.7692684064018,3.93281543027845,82.0333064173511,37.7495130334641,38.9700012207031,"Lower middle income",226928892,354390697428.203
"Pakistan",2019,1.69187124669657,2.49763692943365,38.0886554477603,57.9268695957871,3.98447495645256,83.1845752333307,39.6166540049859,49.5499992370605,"Lower middle income",230800899,363242090361.647
"Palau",2014,0.378927580628865,4.76999999999992,20.3274061529777,72.4160316116286,7.25656223539373,108.686996459961,108.305198669434,98.7313919067383,"Upper middle income",17715,257693882.855822
"Palau",2013,-0.66077669618437,-3.03626082731732,20.1807570262919,72.8581142339075,6.96112873980054,110.783660888672,106.091369628906,98.5999984741211,"Upper middle income",17648,245961518.426861
"Palau",2020,-0.0337173366498603,-5.99942585620028,19.2417940647482,71.2370728417266,9.52113309352518,101.601066589355,150.818542480469,96.0606079101562,"Upper middle income",17792,253220015.052904
"Panama",2016,1.72866876171939,4.57196707937275,27.6450009201838,64.9564237451839,7.39857533463231,93.1031112670898,83.0287094116211,86.1800003051758,"High income",4029086,58317491835.7804
"Panama",2015,1.73037489560864,5.26691719595516,27.9111709759094,64.8908740567791,7.19795496731152,96.0123977661133,77.0092010498047,85.5500030517578,"High income",3960035,55767806100
"Panama",2017,1.71320068899723,5.7440594635578,27.3693752688348,65.0242015347767,7.60642319638852,94.5970306396484,76.9188385009766,86.3899993896484,"High income",4098707,61667283244.4831
"Panama",2019,1.59097727067192,3.10306788630359,26.7423044439624,65.1881520310586,8.06954352497892,93.0783233642578,NA,87.5,"High income",4234700,66072084974.6328
"Panama",2014,1.73046380036004,4.62581375565551,28.1713434686489,64.8298521582369,6.99880437311421,99.1061172485352,76.4785385131836,84.9400024414062,"High income",3892101,52977523789.5376
"Panama",2023,1.30902688797168,7.39930155626219,25.2761698939099,65.6670948127046,9.05673529338545,94.5526123046875,NA,88.6054763793945,"High income",4458759,75232121007.6293
"Panama",2018,1.67311565171591,3.91819807389903,27.0770458848131,65.0938653057126,7.82908880947431,98.6910597076946,NA,86.4300003051758,"High income",4167860,64083529548.7943
"Panama",2013,1.74234111694192,6.32435388662846,28.4279432660638,64.7636759134082,6.80838082052801,102.204330444336,76.8787384033203,84.4899978637695,"High income",3825329,50635232250.8688
"Panama",2022,1.26612423517538,10.769665870619,25.6700356960016,65.5636634745759,8.76630082942247,100.875396728516,NA,88.5,"High income",4400773,70048985344.8611
"Panama",2020,1.37340966978709,-17.8212299695008,26.389881723939,65.316702152513,8.29341612354804,94.2594528198242,NA,91.8720397949219,"High income",4293261,54297226765.6596
"Panama",2021,1.20723809203153,16.4671249191559,26.0430615788402,65.4480767615447,8.50886165961516,100.735511779785,82.8732284547998,88.6600036621094,"High income",4345405,63238418924.7981
"Papua New Guinea",2018,2.32386877655607,-0.279252284959952,35.3123554508703,61.6965689601702,2.99107558895945,109.501403808594,44.4107818603516,50.226318359375,"Lower middle income",9394513,23659695751.3327
"Papua New Guinea",2022,1.88244961375761,5.70758411822096,34.1151247168833,62.6378548352059,3.24702044791082,NA,NA,62.5566062927246,"Lower middle income",10203169,25173614536.9108
"Paraguay",2021,1.21078357917422,4.01673731780312,29.0219356684184,64.7905233579816,6.18754097360006,92.5459365844727,84.2880096435547,78.4000015258789,"Upper middle income",6684182,41964030301.4424
"Paraguay",2020,1.35198907049682,-0.819785390971916,29.1342730887552,64.7156887396906,6.15003817155416,92.2833709716797,84.7876205444336,77.3899993896484,"Upper middle income",6603739,40343536418.7875
"Paraguay",2019,1.35488116957369,-0.40185510068001,29.2982426250081,64.6699768444118,6.03178053058008,89.8882085878874,75.856393842696,76.2799987792969,"Upper middle income",6515058,40677000526.59
"Paraguay",2013,1.43842436376869,8.29307648940471,30.9367073161559,63.7406110712259,5.32268161261825,106.482682277463,75.3813469133564,74.0899963378906,"Upper middle income",5982445,33400724748.6239
"Paraguay",2014,1.44981205714477,5.30123859237025,30.5063370177424,64.0470518769036,5.44661110535402,104.269415889239,NA,74.5800018310547,"Upper middle income",6069811,35171376859.1294
"Paraguay",2015,1.46036822105512,2.95715173487106,30.1529378547493,64.283971221134,5.56309092411671,98.2341810362875,NA,75.9599990844727,"Upper middle income",6159103,36211447840.0971
"Paraguay",2016,1.45104639106418,4.26802583314583,29.873417498703,64.453349156346,5.67323334495096,98.1175384521484,82.3605499267578,74.4700012207031,"Upper middle income",6249126,37756961788.4686
"Paraguay",2017,1.42257756735462,4.81007885554041,29.6522664370493,64.5619527974404,5.78578076551032,NA,NA,75.3399963378906,"Upper middle income",6338660,39573101423.9502
"Paraguay",2018,1.38999117307295,3.20425034076639,29.4697304026531,64.6258511339338,5.90441846341313,NA,NA,75.5699996948242,"Upper middle income",6427382,40841122661.179
"Paraguay",2022,1.13476871860664,0.176038366132886,28.926431676879,64.8426572495616,6.23091107355945,93.2309494018555,82.0107879638672,80.4199981689453,"Upper middle income",6760464,42037903094.7486
"Peru",2023,1.09975320783678,-0.55018230632048,24.3581613536547,66.6492724892561,8.99256615708912,107.489753723145,105.903396606445,85.7095413208008,"Upper middle income",33845617,221775234260.737
"Peru",2013,0.901339196033327,5.85251821084928,28.1855769344601,63.9921870469901,7.82223601854979,103.185981750488,101.042098999023,67.620002746582,"Upper middle income",29817919,179547449111.361
"Peru",2022,0.959183909355287,2.72550021563363,24.765130780365,66.4241898791586,8.81067934047644,107.663269042969,99.1219863891602,74.8899993896484,"Upper middle income",33475438,223002152647.317
"Peru",2021,0.961612354333265,13.3552295093079,25.1403582025054,66.1055495371832,8.75409226031146,107.119232177734,98.1648101806641,73.4000015258789,"Upper middle income",33155882,217085487224.893
"Peru",2016,1.33357065112944,3.95331871520767,27.1922157273874,64.5030119796406,8.30477229297199,100.117469787598,101.344680786133,69.9599990844727,"Upper middle income",30866494,197306492869.139
"Peru",2017,1.47336535107465,2.51883544233135,26.8437608206563,64.7524640868538,8.4037750924899,98.0214920043945,100.209571838379,70.3499984741211,"Upper middle income",31324637,202276318741.548
"Peru",2014,0.994129278893009,2.38215737180541,27.8450273952307,64.1329645084282,8.02200809634111,100.492309570312,99.2948989868164,68.5500030517578,"Upper middle income",30115826,183824551906.256
"Peru",2020,1.19250495254373,-10.9333065010382,25.503688428423,65.7782365403473,8.71807503122965,106.543869018555,97.5327911376953,73.3899993896484,"Upper middle income",32838579,191509018299.917
"Peru",2018,1.81253577188754,3.969351341365,26.3792882617581,65.116760333898,8.50395140434384,99.0328979492188,98.6095199584961,70.9899978637695,"Upper middle income",31897584,210305376512.78
"Peru",2015,1.12847381931302,3.25224477218451,27.5072198728725,64.2983458972473,8.19443422988023,99.6933212280273,99.5942687988281,69.879997253418,"Upper middle income",30457600,189802976285.619
"Peru",2019,1.71486934751345,2.24063176875049,25.9076658749804,65.4853603481098,8.60697377690978,102.486122131348,97.7029800415039,71.9100036621094,"Upper middle income",32449303,215017545590.315
"Philippines",2013,1.87971579705684,6.75053130394745,34.4490974871982,62.0410797268429,3.50982278595893,NA,NA,84.1600036621094,"Lower middle income",102076336,270952964514.551
"Philippines",2017,1.28830186666283,6.93098832521765,32.3359092763244,63.5459353202846,4.11815540339097,103.182550401369,84.5040588378906,84.0400009155273,"Lower middle income",108119693,351113338977.942
"Philippines",2019,1.21615534645287,6.11852566118505,31.2733955871098,64.2071776686226,4.51942674426754,95.9793329033507,87.5707840643522,82.3899993896484,"Lower middle income",110804683,396224439244.72
"Philippines",2020,1.1455140860985,-9.5182947406494,30.6822971768056,64.592028512455,4.72567431073939,95.7995145963986,89.2450874983032,85.4100036621094,"Lower middle income",112081264,358510629282.922
"Philippines",2021,0.905660310915421,5.71473313426225,30.013648868555,65.1056206866521,4.8807304447929,90.6099091855424,87.131517608917,85.7820281982422,"Lower middle income",113100950,378998555004.406
"Philippines",2022,0.760479216015364,7.58098212785563,29.3310099808108,65.6276748361945,5.04131518299472,91.8715546202869,93.6653339656569,85.706413269043,"Lower middle income",113964338,407730367724.121
"Poland",2015,-0.0666411009657168,4.43176700264478,15.0989653719979,69.5235017932482,15.3775328347538,NA,109.41478729248,98.362060546875,"High income",37986412,480054118583.367
"Poland",2016,-0.04298513087435,3.03117767594847,15.1349068094424,68.9521816813071,15.9129115092505,NA,109.117248535156,99.1999969482422,"High income",37970087,494605411858.337
"Poland",2013,-0.0603600174744649,0.684240607051805,15.1063497368774,70.4628284457914,14.4308218173312,100.073501586914,111.516960144043,98.8199996948242,"High income",38040196,442340098156.254
"Poland",2014,-0.0748462292920506,3.92050862390032,15.0921480357317,70.0250512784321,14.8828006858362,99.5637130737305,110.031021118164,98.870002746582,"High income",38011735,459682079851.439
"Poland",2018,-0.000200132782838419,6.2458584723942,15.3086980135663,67.6767403778615,17.0145616085721,94.4897613525391,110.541938781738,98.5823135375977,"High income",37974750,552573816155.989
"Poland",2019,-0.0244271070993493,4.58045817256199,15.4223233212563,67.0192549762975,17.5584217024462,94.9449615478516,109.753303527832,98.6477279663086,"High income",37965475,577884228677.544
"Poland",2017,0.0124800985844923,5.15245773325907,15.207155433197,68.3269085235055,16.4659360432975,97.6803283691406,109.45922088623,98.49462890625,"High income",37974826,520089746650.75
"Poland",2021,-2.45071905351772,6.92718266052501,15.4620974810097,66.0026656203027,18.5352368986876,96.6018218994141,110.52970123291,98.3763198852539,"High income",36981559,605337233054.782
"Poland",2022,-0.433070695882457,5.25545697386036,15.3237547413116,65.6570295546479,19.0192157040405,100.594268798828,108.48217010498,98.4683303833008,"High income",36821749,637150470884.733
"Poland",2023,-0.365658526875775,0.138832754787188,15.0967665723491,65.3423219583981,19.5609114692528,NA,NA,99.6761474609375,"High income",36687353,638035044435.602
"Poland",2020,-0.175062058196296,-2.03556882399977,15.4887942190267,66.4351589630372,18.0760468179361,82.211540222168,112.576263427734,99.2799987792969,"High income",37899070,566120997479.772
"Portugal",2016,-0.315459016997883,2.00414109360487,14.082772202662,64.8902291547221,21.026998642616,105.805290222168,115.640090942383,91.120002746582,"High income",10325452,203027535953.584
"Portugal",2018,-0.160104021146769,2.94628241620853,13.7175842801694,64.3500227062455,21.9323930135851,104.979461669922,118.456207275391,91.5400009155273,"High income",10283822,215937375267.637
"Portugal",2019,0.0237334946497115,2.74568471619554,13.5319073483259,64.0780142495373,22.3900784021367,105.182922363281,119.535041809082,92.8300018310547,"High income",10286263,221866334776.915
"Portugal",2013,-0.548815210952228,-0.984106758103536,14.7779358925294,65.5944048254508,19.6276592820198,110.040496826172,119.166061401367,89.2799987792969,"High income",10457295,194481859081.567
"Portugal",2014,-0.539190466792077,0.741391470583679,14.5556516147563,65.3302452379704,20.1141031472732,108.552978515625,114.980697631836,89.9499969482422,"High income",10401062,195923730996.63
"Portugal",2017,-0.243889410358812,3.31472078233416,13.903346135127,64.6083708165567,21.4882830483163,104.913833618164,117.426628112793,91.7399978637695,"High income",10300300,209757331881.699
"Portugal",2020,0.10511412524675,-8.20463206255478,13.3376979493505,63.7995986507522,22.8627033998973,105.589859008789,118.360000610352,93.9000015258789,"High income",10297081,203663018337.793
"Portugal",2021,0.626850165433157,5.55875752305435,13.1454802207554,63.5636491754777,23.2908706037669,104.925727844238,118.324661254883,95.6820297241211,"High income",10361831,214984151691.324
"Portugal",2022,0.697256448023043,6.98584193827881,13.0022182335776,63.3097782510393,23.688003515383,109.846130371094,121.978561401367,95.7251892089844,"High income",10434332,230002604720.83
"Portugal",2015,-0.414141101993213,1.58979828893855,14.2987543136546,65.126992390842,20.5742532955034,107.011596679688,116.871742248535,90.5400009155273,"High income",10358076,199038523119.639
"Portugal",2023,1.36912985956796,2.52628110806764,12.8936466432193,62.9948427426708,24.1115106141099,NA,NA,95.8420715332031,"High income",10578174,235813117071.956
"Puerto Rico",2017,-2.4180176217623,-2.88521838398481,15.3016861397677,64.7845181617875,19.9137956984448,NA,NA,91.3899993896484,"High income",3325286,99124231779.4147
"Qatar",2015,8.58173306173289,4.75334572438737,13.9487391601597,85.0004150650272,1.05084577481311,101.982368469238,101.946830749512,86.4408340454102,"High income",2344557,161739955576.923
"Qatar",2014,11.5817147814941,5.33432329196459,14.4019803711911,84.5362274677106,1.06179216109832,98.5980987548828,99.3877182006836,84.2300033569336,"High income",2151745,154400753941.045
"Qatar",2013,10.6721263976401,5.55604064306607,14.6477661328292,84.2675120692734,1.08472179789742,100.88224029541,97.3663787841797,83.6399993896484,"High income",1916426,146581616623.746
"Qatar",2017,2.73590293320866,-1.49760470227838,13.7371040372083,85.1403706234452,1.12252533934654,106.431632995605,102.306419372559,87.7699966430664,"High income",2545820,164199531361.81
"Qatar",2018,1.3621056096195,1.23487220191065,13.9548780902974,84.9008489965384,1.14427291316419,107.334487915039,102.445457458496,89.1228942871094,"High income",2580734,166227185730.265
"Qatar",2016,5.49972976958708,3.06419188430156,13.7022711639581,85.2115049327299,1.08622390331203,104.046173095703,97.9394073486328,87.0299987792969,"High income",2477113,166695978169.384
"Qatar",2020,5.72571544841687,-3.55760399909477,15.3971195434075,83.3551879431043,1.24769251348821,102.090957641602,107.666152954102,90.247428894043,"High income",2794148,161416823761.21
"Qatar",2021,-10.9274424335586,1.62684672468288,15.5429590668786,83.1531782441238,1.30386268899766,90.514518737793,97.3264236450195,90.4158096313477,"High income",2504910,164042828071.657
"Qatar",2022,5.90701824957099,4.18500971344966,15.2480159587617,83.3608820189078,1.39110202233051,94.9849319458008,104.56079864502,90.4700012207031,"High income",2657333,170908036360.673
"Qatar",2019,2.21962210028933,0.688240959581748,14.555646853503,84.2722328471747,1.17212029932225,103.579849243164,107.072868347168,89.4788970947266,"High income",2638657,167371229308.421
"Romania",2016,-0.573660845379617,2.85993252302089,15.7105150740248,66.7152920502478,17.5741928757273,87.5895919799805,88.7795104980469,98.6999969482422,"High income",19702267,182972525962.275
"Romania",2017,-0.578007015146885,8.19547826641261,15.8244652586317,66.2634006422186,17.9121340991497,87.2723999023438,88.3843231201172,98.7900009155273,"High income",19588715,197967999561.02
"Romania",2018,-0.587493307403584,6.120930007146,15.9498541474299,65.8004680304066,18.2496778221635,91.3751220703125,86.5577163696289,98.8042221069336,"High income",19473970,210085482250.697
"Romania",2019,-0.526814821936341,3.92326384963494,16.0441184599659,65.3516450135071,18.604236526527,92.6139984130859,86.4074096679688,98.7399978637695,"High income",19371648,218327690029.17
"Romania",2015,-0.470052227864654,3.1570360543854,15.6570250459469,67.1333496502281,17.209625303825,89.0534133911133,91.3377075195312,98.6399993896484,"High income",19815616,177885131240.315
"Romania",2020,-0.550759892541776,-3.67438440910189,16.0985844556462,64.8847498479951,19.0166656963587,91.9047393798828,86.416877746582,98.6900024414062,"High income",19265250,210305491425.986
"Romania",2013,-0.371323062878035,0.278771877470234,15.697380256843,67.8443383194302,16.4582814237269,NA,95.6988983154297,98.6500015258789,"High income",19983693,165624017079.639
"Romania",2014,-0.374575497762261,4.11600109267832,15.6595114806191,67.5465618438621,16.7939266755188,NA,93.5339965820312,98.5800018310547,"High income",19908979,172441103432.375
"Romania",2021,-0.746036478523061,5.5457096259051,16.0980080122979,64.5750261544466,19.3269658332554,90.7731704711914,86.1970901489258,98.870002746582,"High income",19122059,221968423307.804
"Romania",2022,-0.385412679960785,3.96530766311717,16.0158785210186,64.4688744544758,19.5152470245056,84.8812789916992,83.0334701538086,98.9499969482422,"High income",19048502,230770154206.928
"Russian Federation",2019,0.037947213753429,2.19807571335009,17.639402169887,67.2972984998669,15.063299330246,101.832336425781,100.471740722656,100,"Upper middle income",145453291,1461551317106.21
"Russian Federation",2022,-0.352843110363082,-2.06971152527731,17.6893198696339,66.2351438367188,16.0755362936472,101.136070251465,93.9353866577148,100,"Upper middle income",144236933,1471544636157.84
"Russian Federation",2018,0.0721356165400605,2.80724541059601,17.5865003152647,67.7832495905018,14.6302500942335,102.068557739258,99.2135009765625,100,"Upper middle income",145398106,1430116278515.49
"Russian Federation",2013,0.297503474179596,1.75542214874298,16.0854380353918,71.0307780178912,12.883783946717,96.9484100341797,95.999382019043,100,"Upper middle income",143805638,1380755103919.45
"Russian Federation",2014,0.299667432459938,0.736267221765672,16.4703625455145,70.3612786579556,13.1683587965298,97.4962692260742,95.6056289672852,100,"Upper middle income",144237223,1390921151162.46
"Russian Federation",2020,-0.143202031827637,-2.65365450102773,17.6685472254658,66.8593105362114,15.4721422383228,102.763046264648,92.7522506713867,100,"Upper middle income",145245148,1422766794794.99
"Russian Federation",2017,0.191382528772924,1.82579006401834,17.4581488715681,68.3009219594445,14.2409291689874,100.767601013184,97.5206298828125,100,"Upper middle income",145293260,1391065651845.68
"Russian Federation",2021,-0.343724409889771,5.61429037578345,17.7204822466031,66.546118958482,15.7333987949149,101.908531188965,93.3415603637695,99.8199996948242,"Upper middle income",144746762,1502645054025.01
"Russian Federation",2015,0.279352077762368,-1.97271922580408,16.8548179087007,69.6107173405512,13.534464750748,98.3827819824219,96.3292617797852,100,"Upper middle income",144640716,1363482182197.71
"Russian Federation",2016,0.258751057379474,0.193690071260534,17.2040849979726,68.9243897445989,13.8715252574284,98.3341293334961,95.9142684936523,100,"Upper middle income",145015460,1366123111808.03
"Russian Federation",2023,-0.285217600763343,3.60000000000001,17.5149816677095,65.8803755973048,16.6046427349856,97.7462005615234,92.4840469360352,100,"Upper middle income",143826130,1524520243059.52
"Rwanda",2021,2.1909353521865,10.8579677614975,38.6402735701139,57.7540684344595,3.60565799542652,151.063568115234,44.1820793151855,82.5280532836914,"Low income",13355260,11969881824.1057
"Rwanda",2020,2.24244883430144,-3.37368746369782,39.1565729772995,57.3677254660379,3.47570155666262,NA,NA,42.2524108886719,"Low income",13065837,10797493464.6628
"Rwanda",2022,2.19046619232976,8.15773308481241,38.1567617974614,58.1217900773788,3.72144812515979,148.752487182617,44.1547088623047,43.8699989318848,"Low income",13651030,12946352833.8838
"Rwanda",2014,2.41721473954366,6.16716615166932,41.4114617672864,55.6992111665916,2.88932706612205,138.315811157227,41.8218688964844,32.689998626709,"Low income",11364757,7848618840.48524
"Rwanda",2015,2.39322566941773,8.8568555974538,41.1487495470369,55.8901563931752,2.96109405978786,137.243194580078,39.4099006652832,35.3553695678711,"Low income",11640022,8543759677.58157
"Rwanda",2017,2.34556709244995,3.91817093628465,40.5134608208179,56.3437544011522,3.14278477802991,139.309951782227,39.6912117004395,80.3300170898438,"Low income",12202060,9408632525.21082
"Rwanda",2018,2.31630729613291,8.51646722592409,40.1229508721816,56.6302952050914,3.24675392272707,137.129348754883,41.1796913146973,35.9900016784668,"Low income",12487996,10209915630.628
"Rwanda",2019,2.28086099658628,9.44738518613097,39.6628690297816,56.9801057489909,3.35702522122747,138.020080566406,44.0778999328613,81.6438217163086,"Low income",12776103,11174485687.4325
"Rwanda",2023,2.1984982050137,8.24128769450616,37.7313644590553,58.4467853189567,3.82185022198798,151.894821166992,45.1251487731934,83.3906173706055,"Low income",13954471,14013299016.87
"Samoa",2022,0.690847424147793,-5.30629089966979,38.7857967439451,55.6579121575951,5.55629109845977,104.122587299249,NA,94.5463256835938,"Lower middle income",215261,798752767.864439
"Samoa",2017,0.937123219994916,1.40628239971301,38.2149264049033,56.8389768005667,4.94609679453008,105.056752965183,NA,93.1145248413086,"Lower middle income",205415,902464748.18719
"Samoa",2019,1.05329202031498,4.45185891688691,38.4572849110614,56.371809447539,5.17090564139966,103.963011889036,NA,93.4853897094727,"Lower middle income",209780,936894420.746212
"San Marino",2020,0.308211037123611,-6.64791081780605,13.398622316177,66.6522858334412,19.9490918503818,94.4051818847656,61.8604698181152,98.5599975585938,"High income",34770,1408423247.99647
"San Marino",2018,2.03966279076457,1.49390531817373,14.0145097528129,66.6695628249127,19.3159274222744,95.1260528564453,60.3284683227539,96.5999984741211,"High income",34522,1478187032.62147
"San Marino",2022,-1.46164026701119,7.89844145767604,13.0404810794955,65.9357582868876,21.0237606336169,93.9375,61.677921295166,98.9000015258789,"High income",33755,1730866817.58497
"Sao Tome and Principe",2017,1.59795344333085,4.11297966281954,41.3578263568963,54.9716022331685,3.67057140993523,109.629280090332,90.3803787231445,81.1439208984375,"Lower middle income",206970,284706696.977306
"Saudi Arabia",2013,5.41149124124804,2.53477827137303,25.8020944969312,71.8696842780143,2.32822122505455,100.840843200684,92.8935165405273,81.3199996948242,"High income",27624004,617079749143.717
"Saudi Arabia",2017,0.0747825622238132,0.911048655580274,25.1658463819685,72.5539157080724,2.28023790995907,106.085350036621,105.574378967285,81.0899963378906,"High income",30977355,688314917831.272
"Saudi Arabia",2020,4.833138517103,-3.58153486307663,25.4909400592239,71.9864782936657,2.52258164711042,102.71240234375,103.277328491211,88.5800018310547,"High income",31552510,692413074096.449
"Saudi Arabia",2021,-2.46456261487283,5.07511034987979,25.2064849390766,72.1749607532303,2.61855430769317,101.51399230957,103.587013244629,86.5743408203125,"High income",30784383,727553801683.839
"Saudi Arabia",2022,4.41891994509507,7.48598429134137,24.6445233084711,72.6529825167567,2.70249417477226,102.705947875977,119.968368530273,89.2714920043945,"High income",32175224,782018364988.948
"Saudi Arabia",2023,3.32877939509885,-0.754914810584665,24.0974420859461,73.0830540448599,2.81950386919403,NA,NA,92.4906845092773,"High income",33264292,776114792530.154
"Senegal",2022,2.46764281803509,3.82586363675534,39.1603034665879,57.2763044893002,3.56339204411192,83.2787017822266,46.9506912231445,35.6285171508789,"Lower middle income",17651103,25291561739.5407
"Senegal",2018,2.8004569855314,6.20924103389086,41.338892959775,55.161731926394,3.49937511383095,84.3079140292079,NA,22.3186893463135,"Lower middle income",15914498,21565674310.7132
"Senegal",2019,2.71760793051867,4.61362809749708,40.8595094154888,55.629971072753,3.51051951175819,83.3581314086914,45.9415283203125,21.3910503387451,"Lower middle income",16352922,22560634320.127
"Senegal",2015,3.07014792428801,6.36704365066983,42.3643492484461,54.1120274086851,3.52362334286885,84.8736877441406,51.2827301025391,18.3178901672363,"Lower middle income",14593331,17774766696.1759
"Senegal",2016,2.97843134010735,6.35606857181878,42.0962643936666,54.3968395932547,3.5068960130787,83.9003457682441,NA,20.5261898040771,"Lower middle income",15034521,18904543055.8656
"Senegal",2013,2.96345954605318,2.41238527605579,42.6806757189143,53.7401403808036,3.57918390028218,83.9905319213867,48.8453712463379,27.3500003814697,"Lower middle income",13710849,15731635117.4164
"Senegal",2017,2.88769908740551,7.4074861863013,41.7561348863197,54.7454841926833,3.498380920997,84.4605302071285,NA,21.9200000762939,"Lower middle income",15475002,20304894471.3123
"Serbia",2021,-0.943688169512831,7.94905650472278,14.3077246054747,63.8036743847863,21.888601009739,96.8267211914062,92.8741836547852,98.6239166259766,"Upper middle income",6834326,51022858874.9258
"Serbia",2022,-2.5170575672922,2.63098644408841,14.3546142379414,63.5677114259477,22.0776743361109,98.8989791870117,95.0849685668945,98.7672729492188,"Upper middle income",6664449,52365263375.3114
"Serbia",2020,-0.666107601320794,-0.950023991851594,14.2609917583165,64.1681331223259,21.5708751193576,98.0834732055664,92.6907577514648,98.3207550048828,"Upper middle income",6899126,47265683024.0045
"Serbia",2016,-0.523694463062603,2.97519779211943,14.3333371222311,66.2812936644156,19.3853692133533,101.108200073242,96.4994888305664,97.4400024414062,"Upper middle income",7058322,42526090284.3724
"Serbia",2013,-0.48641352023891,0.451578762944706,14.3063334267661,67.7436627284965,17.9500038447375,101.604827880859,95.1216125488281,95.1800003051758,"Upper middle income",7166553,41518250511.0447
"Serbia",2019,-0.536610017822353,4.75020793899014,14.2533414248396,64.6822977246048,21.0643608505556,99.6345596313477,94.5711975097656,98.5299987792969,"Upper middle income",6945235,47719025212.1981
"Serbia",2023,-0.621120944154492,3.84747112784942,14.3502902099022,63.3113501282481,22.3383596618497,NA,NA,98.741943359375,"Upper middle income",6623183,54380001764.6988
"Serbia",2017,-0.532191341024444,2.36339378690924,14.2963535836151,65.7962638473577,19.9073825690271,100.722412109375,95.6576766967773,97.6900024414062,"Upper middle income",7020858,43531149259.9687
"Serbia",2014,-0.486295171509944,-1.80427024822048,14.319447946837,67.2902689526134,18.3902831005496,102.185791015625,95.0073089599609,93.6800003051758,"Upper middle income",7131787,40769149069.4923
"Serbia",2015,-0.511754332722809,1.29573851189748,14.3412040790536,66.7748162145044,18.883979706442,102.182189941406,97.159553527832,96.9899978637695,"Upper middle income",7095383,41297410634.9586
"Serbia",2018,-0.546351968633598,4.64935035491007,14.267774773829,65.2458205597449,20.4864046664261,100.457550048828,95.2566604614258,97.9244537353516,"Upper middle income",6982604,45555064902.5834
"Seychelles",2014,1.55539570911507,4.0636918123521,21.5881782436493,71.3810681814924,7.03075357485822,118.250129699707,89.3980331420898,95.3916091918945,"High income",91359,1315169064.95728
"Seychelles",2017,1.22403375818123,6.95416218794271,21.0159526446167,71.8429373857587,7.1411099696246,132.235885620117,112.311210632324,97.596076965332,"High income",95843,1717657339.98638
"Seychelles",2018,0.954291917891324,4.93947272254312,20.875347705146,71.8967315716273,7.2279207232267,123.720428466797,108.274063110352,97.6965408325195,"High income",96762,1802500555.76177
"Seychelles",2015,2.22979505321923,8.9140088750469,21.3733161117043,71.5689245963098,7.05775929198588,119.941192626953,92.0911712646484,96.3194961547852,"High income",93419,1432403352.12944
"Seychelles",2016,1.33763477950025,12.1175272453913,21.1735460431065,71.7349140874696,7.09153986942388,126.219169616699,101.712799072266,96.7864379882812,"High income",94677,1605975218.58763
"Seychelles",2019,0.887925293341637,5.5142920737342,20.7364184597601,71.8981219799321,7.36545956030786,119.315872192383,100.825881958008,97.7717971801758,"High income",97625,1901895701.03715
"Seychelles",2020,0.853707878128979,-11.7398608281732,20.5892377650863,71.8328885785304,7.57787365638327,114.153663635254,102.188179016113,97.5073318481445,"High income",98462,1678615792.63838
"Sierra Leone",2014,2.38905832119365,4.55925353270435,42.2025890057058,54.6121617681383,3.18524922615589,NA,NA,98.6294860839844,"Low income",6876385,8365886796.89032
"Sierra Leone",2017,2.38578952940087,3.7538032140037,41.0242626027215,55.8435428622692,3.13219453500935,122.320801312267,40.0794486999512,32.0777015686035,"Low income",7379299,7339323438.18805
"Sierra Leone",2018,2.34731039123252,3.47290262012454,40.6049231438006,56.2651605393985,3.12991631680085,110.481630730415,41.5716514587402,32.6126976013184,"Low income",7554563,7594210994.17229
"Sierra Leone",2019,2.32146457882717,5.50270937378153,40.2013918536636,56.6634454178749,3.13516272846153,140.367702793133,58.9547309875488,33.5340690612793,"Low income",7731991,8012098354.41336
"Singapore",2016,1.29743609938602,3.58864369582668,12.5211872971862,78.0308714909358,9.44794121187799,100.773208618164,107.859008789062,86.1100006103516,"High income",5607283,319051515647.446
"Singapore",2017,0.0885954699924263,4.51292631770927,12.4248348769561,77.6111451686482,9.96401995439571,100.626953125,107.574600219727,86.0199966430664,"High income",5612253,333450075464.15
"Singapore",2018,0.469704298714121,3.51711418509255,12.3293830835908,77.1869683023096,10.4836486140996,100.261871337891,105.844299316406,87.9100036621094,"High income",5638676,345177895368.501
"Singapore",2019,1.14428330688929,1.34505874082728,12.2130675867847,76.8118792234851,10.9750531897302,100.692581176758,104.714958190918,88.5100021362305,"High income",5703569,349820740821.559
"Singapore",2015,1.18637693749822,2.97679931634806,12.6825690982427,78.3192236422757,8.99820725948152,101.672031739687,107.781350482315,86.6999969482422,"High income",5535002,307998545269.398
"Singapore",2020,-0.311904961250833,-3.86979893430043,12.1745227285284,76.2405295018345,11.5849477696371,100.535911560059,103.199592590332,88.8499984741211,"High income",5685807,336283381521.284
"Singapore",2013,1.61930809858875,4.81763099120676,13.1066177818821,78.7282392629886,8.16514295512923,103.092631080921,108.393165400389,85.0800018310547,"High income",5399162,287769788882.221
"Singapore",2014,1.29844017799226,3.93554027709007,12.8770131369208,78.546922809139,8.57606405394016,102.343505179087,108.138840380207,85.1699981689453,"High income",5469724,299095084828.978
"Singapore",2023,4.85831607781442,1.07503175095101,11.787475387969,75.1171578881273,13.0953667239036,NA,NA,78.7653198242188,"High income",5917648,387147091448.002
"Singapore",2021,-4.17033630017526,9.69076687082064,12.1688552167305,75.5729505669556,12.258194216314,99.8746490478516,103.041877746582,90.2300033569336,"High income",5453566,368871820049.825
"Singapore",2022,3.30862052439523,3.83807678519807,12.005289665656,75.3038137328294,12.6908966015146,99.5780410766602,103.041313171387,89.7399978637695,"High income",5637022,383029403742.294
"Slovak Republic",2021,-0.212358807611049,5.72698854011892,15.9261506893838,66.9089610618438,17.1648882487724,100.064170837402,91.0899124145508,99.7926025390625,"High income",5447247,102523269375.456
"Slovak Republic",2020,0.0857694756149868,-2.5855125291319,15.8547162995723,67.3811945998033,16.7640891006244,99.9172286987305,90.813346862793,99.7848281860352,"High income",5458827,96969818956.4464
"Slovak Republic",2022,-0.284860959688394,0.449673875081572,15.9683376980892,66.4610251066265,17.5706371952843,100.326721191406,92.2043075561523,99.8181533813477,"High income",5431752,102984289733.717
"Slovak Republic",2013,0.107458009492367,0.703323634738325,15.3454402766956,71.3702712441166,13.2842884791878,98.6928482055664,93.529670715332,99.75,"High income",5413393,82553607304.9464
"Slovak Republic",2014,0.0970454215834878,2.70795062355194,15.3281194586269,70.9768771615539,13.6950033798192,98.5119476318359,92.7571029663086,99.7799987792969,"High income",5418649,84789118228.7254
"Slovak Republic",2015,0.0950338786482762,5.1768795103709,15.3333740446523,70.5178405978439,14.1487853575038,98.3121109008789,91.8957290649414,99.8199996948242,"High income",5423801,89178548717.3324
"Slovak Republic",2016,0.128922329956911,1.94781902582312,15.4062667729696,69.9313041813556,14.6624290456748,97.6210403442383,91.4534378051758,99.8099975585938,"High income",5430798,90915585456.2015
"Slovak Republic",2017,0.155178995687406,2.87473225538896,15.5448134053743,69.2551309624215,15.2000556322042,98.2659530639648,91.2535934448242,99.7900009155273,"High income",5439232,93529165116.4867
"Slovak Republic",2018,0.138508159611326,4.06212036983018,15.6869209322697,68.5861635146178,15.7269155531126,97.0244369506836,91.7815399169922,99.7399978637695,"High income",5446771,97328432384.4156
"Slovak Republic",2019,0.135328072840865,2.27589918160336,15.7942056374998,67.9466053941882,16.259188968312,97.9945983886719,91.3246917724609,99.7600021362305,"High income",5454147,99543529380.5199
"Slovenia",2013,0.135726228915631,-0.823777238320488,14.5676402659643,68.2843640336961,17.1479957003396,98.6006774902344,110.558929443359,99.870002746582,"High income",2059953,40589763868.5066
"Slovenia",2014,0.0983519219451147,2.76283164316371,14.7049128680254,67.7481374494419,17.5469496825326,98.5871734619141,110.182746887207,99.8251571655273,"High income",2061980,41711190708.5511
"Slovenia",2022,0.189424378732817,2.69923755687375,15.09619766758,64.0225309044699,20.8812714279501,100.639137268066,107.874809265137,99.7099380493164,"High income",2112076,53386808992.5859
"Slovenia",2017,0.0651590392490152,5.17440453956443,15.0135763499983,65.9854248185375,19.0009988314642,98.1781311035156,114.595596313477,99.7799987792969,"High income",2066388,46282470359.9316
"Slovenia",2018,0.362584395134764,4.37908171612922,15.0857183723161,65.452513323996,19.4617683036878,99.4630966186523,113.556167602539,99.7846908569336,"High income",2073894,48309217557.2363
"Slovenia",2015,0.075190689011533,2.39330872436074,14.8235852669996,67.157989987121,18.0184247458794,98.381591796875,109.655220031738,99.818000793457,"High income",2063531,42709468274.8137
"Slovenia",2021,0.268851969969908,8.38965032094461,15.1623094269489,64.4067832697893,20.4309073032618,99.7762680053711,108.17887878418,99.7133712768555,"High income",2108079,51983646872.7637
"Slovenia",2019,0.696304046333357,3.50525166840163,15.1074701233225,65.0408615176971,19.8516683589804,99.8418197631836,111.369567871094,99.8000030517578,"High income",2088385,50002577211.6531
"Slovenia",2016,0.0731972072415279,3.03441395415184,14.9172663074562,66.5706788630685,18.5120548294753,97.9815826416016,115.216941833496,99.8099975585938,"High income",2065042,44005450339.8887
"Slovenia",2020,0.669754656164979,-4.08499815297814,15.1382490506771,64.7403622350344,20.1213887142885,100.231536865234,110.359169006348,99.8002243041992,"High income",2102419,47959972856.1156
"Solomon Islands",2013,3.65262148165308,5.23774017780327,40.4427300002521,56.1019926211667,3.45527737858121,111.979189875674,NA,89.2779846191406,"Lower middle income",594945,1271231099.22786
"Somalia",2022,3.0251275475745,2.72711429582988,46.8214482984594,50.6367383206408,2.5418133808998,NA,NA,15.5,"Low income",17801897,8194206836.48436
"South Africa",2020,1.62216431400652,-6.1689177146757,26.9991523285718,66.8913586802342,6.10948899119405,99.7352600097656,110.017478942871,88.4449768066406,"Upper middle income",60562381,337307318679.639
"South Africa",2021,1.54055743832642,4.95503259440756,26.6135516247987,67.1518228261005,6.23462554910074,98.1153106689453,111.801963806152,87.9899978637695,"Upper middle income",61502603,354021006263.537
"South Africa",2022,1.41397227960081,1.91147996033504,26.3211830824158,67.3171903548038,6.3616265627803,96.1027221679688,108.304618835449,87.2301559448242,"Upper middle income",62378410,360788046853.641
"South Africa",2018,1.68236992028419,1.55678384721676,27.8564496966846,66.3669410679632,5.77660923535215,101.95011138916,108.520568847656,84.2133026123047,"Upper middle income",58613001,358551560868.533
"South Africa",2019,1.64957495527878,0.25993557687633,27.4300151160759,66.6247646931523,5.94522019077183,101.256492614746,111.206802368164,86.2799987792969,"Upper middle income",59587885,359483563936.676
"South Africa",2015,2.00988840160514,1.32186223678229,28.3085126400749,66.3218759288748,5.36961143105032,111.678253173828,110.168930053711,82.379997253418,"Upper middle income",56723537,346709790458.563
"South Africa",2016,0.940521897823675,0.664552307858116,28.3271458066446,66.199319306573,5.47353488678247,107.619003295898,109.774078369141,82.5453948974609,"Upper middle income",57259551,349013858372.625
"South Africa",2013,1.65265199501405,2.48546800826588,28.6881386176942,66.0240186544723,5.28784272783352,108.892738342285,NA,80.8460998535156,"Upper middle income",54678791,337416077838.151
"South Africa",2014,1.66144540694123,1.41382645223793,28.5045913030218,66.1642537193448,5.3311549776334,109.028793334961,105.673553466797,81.7799987792969,"Upper middle income",55594838,342186555600.731
"South Africa",2017,0.653837462693277,1.15794695181735,28.2635806593204,66.1083636756326,5.62805566504697,104.854881286621,111.627403259277,85.8499984741211,"Upper middle income",57635162,353055253707.071
"South Africa",2023,1.32810094082844,0.698485194788034,26.0848983807105,67.4000079430639,6.51509367622564,NA,NA,87.5662231445312,"Upper middle income",63212384,363308097945.479
"Spain",2017,0.234587922968563,2.8960420808163,14.8205817262009,66.1865982307919,18.9928200430073,102.50511932373,120.555923461914,92.002311706543,"High income",46593236,1277275696600.78
"Spain",2016,0.0844301500680736,2.91515602808174,14.9182925617657,66.3143685616246,18.7673388766097,102.130096435547,123.269889831543,91.120002746582,"High income",46484062,1241326362774.56
"Spain",2018,0.437982993728698,2.39541120364247,14.665685455539,66.1319737035927,19.2023408408683,102.638717651367,119.430198669434,91.9199981689453,"High income",46797754,1307871701738.56
"Spain",2019,0.717715637103499,1.9611785315135,14.4487958383745,66.1693765330282,19.3818276285973,103.185317993164,118.524719238281,93.140251159668,"High income",47134837,1333521400772.79
"Spain",2020,0.488502131838585,-10.9400706591866,14.1995072556252,66.2408766587242,19.5596160856506,103.410423278809,117.367767333984,93.2200012207031,"High income",47365655,1187633217272.88
"Spain",2015,-0.077588861590047,4.06086669718569,14.9967903134298,66.4614550787613,18.5417546078088,102.144233703613,124.85466003418,90.4599990844727,"High income",46444832,1206164777553.12
"Spain",2013,-0.327669039579687,-1.4273221918188,15.0721422735095,67.0770392025555,17.850818523935,103.107582092285,126.716270446777,97.9573593139648,"High income",46620045,1141735528202.44
"Spain",2014,-0.298951059088036,1.52048592279819,15.0512623691846,66.6930927877804,18.2556448430349,102.538467407227,125.335800170898,90.1500015258789,"High income",46480882,1159095456184.34
"Spain",2023,1.22528044685694,2.67566349258229,13.2586507610337,66.0876417150889,20.6537075238774,NA,NA,94.1796340942383,"High income",48347910,1381292229418.88
"Spain",2021,0.105799194264084,6.6831441850028,13.9083161586305,66.2783015470184,19.8133822943511,102.899139404297,119.114921569824,94.0569610595703,"High income",47415794,1267004457572.21
"Spain",2022,0.72148100717686,6.17931222572963,13.5959103362946,66.2160904145149,20.1879992491906,102.445991516113,119.015510559082,94.3458557128906,"High income",47759127,1345296618919.51
"Sri Lanka",2019,0.611875945764341,-0.220483886072614,23.6544870392859,65.9700520980039,10.3754608627101,97.2772077331941,NA,86.647575378418,"Lower middle income",21803000,97207245817.5168
"Sri Lanka",2022,0.112772639779474,-7.34679123599076,22.6903041016266,65.9272611103192,11.3824347880542,95.9158628635578,89.4825170896809,87.289909362793,"Lower middle income",22181000,89514778451.9202
"Sri Lanka",2018,1.04839295829763,2.31008425192161,23.9530298630511,66.010996751107,10.0359733858419,97.2796030839923,96.1318757373846,85.8745498657227,"Lower middle income",21670000,97422045729.8334
"Sri Lanka",2013,-2.79968273298027,4.05174632926911,25.0269759664236,66.6806889722923,8.29233506128403,97.2749804467229,95.499223719724,83.4952163696289,"Lower middle income",20585000,76805840200.4173
"Sri Lanka",2014,0.933207942647201,6.37797889289399,24.8722308563944,66.492093080501,8.63567606310462,97.4337516057892,93.8359400702277,84.4765472412109,"Lower middle income",20778000,81704500476.9099
"Sri Lanka",2020,0.530626559530355,-4.62451503662909,23.3374525364923,65.9468366164111,10.7157108470966,97.478656149899,NA,86.7269897460938,"Lower middle income",21919000,92711882117.9928
"Sri Lanka",2021,1.07544995696428,4.2074764951157,23.0159928656676,65.9383621554748,11.0456449788576,96.8717554685532,91.0135559713595,87.4113845825195,"Lower middle income",22156000,96612712766.2867
"Sri Lanka",2017,1.1019266072082,6.4606812707036,24.2290828278519,66.0772312982869,9.69368587386127,97.6488384222062,94.2680581739545,85.4794082641602,"Lower middle income",21444000,95222329687.4117
"Sri Lanka",2015,0.91981102654886,4.2059554759927,24.6928809823796,66.3165734018565,8.99054561576392,97.5291050039874,94.7927594875058,84.6151657104492,"Lower middle income",20970000,85140955388.8509
"Sri Lanka",2016,1.13327749793807,5.05362489256818,24.4783427877771,66.1761491978432,9.34550801437968,97.5314043840293,94.2089904664881,84.6792907714844,"Lower middle income",21209000,89443659904.1523
"St. Lucia",2022,0.144975018605125,20.3867675749845,18.1814622359199,72.8153439123844,9.00319385169565,103.664779663086,88.1037292480469,58.9192543029785,"Upper middle income",178781,2006682593.86665
"St. Lucia",2021,0.152478363043745,11.5994736212466,18.4529077648693,72.7137271596778,8.83336507545289,NA,NA,55.4375801086426,"Upper middle income",178522,1666863089.92952
"St. Lucia",2017,0.395468542730377,3.38137472283815,19.8616892175432,71.9145183790589,8.22379240339794,96.7399826049805,89.3643493652344,58.7480621337891,"Upper middle income",176342,1932815003.72699
"St. Lucia",2018,0.382048183874964,2.88619765184433,19.4537812752448,72.1803555590706,8.36586316568465,97.9211578369141,89.1981811523438,52.1796569824219,"Upper middle income",177017,1988599864.97905
"St. Lucia",2020,0.330981923965865,-24.3611553496453,18.7337482924312,72.5571597274622,8.70909198010665,99.3261871337891,89.2604064941406,59.9914665222168,"Upper middle income",178250,1493611964.14476
"St. Vincent and the Grenadines",2017,-0.647135439549124,1.44883063367161,23.0383388698031,66.9908104066703,9.97085072352669,113.863636363636,NA,91.2900009155273,"Upper middle income",105663,831033933.84893
"Sudan",2022,2.70189520043666,-0.957816591119183,40.9119122964239,55.9630766611387,3.12501104243737,NA,NA,31.9614372253418,"Low income",49383346,48061119947.9824
"Suriname",2016,1.04842483742266,-4.91166050905851,28.2817558957188,65.468722618361,6.2495214859202,107.401176185279,NA,73.0111083984375,"Upper middle income",587757,4874454256.1508
"Suriname",2018,0.972162135207174,4.94827108468886,27.5121035841621,65.9011279998332,6.58676841600467,103.715621948242,75.9917297363281,73.8043518066406,"Upper middle income",599513,5195768566.26648
"Sweden",2018,1.16164515996039,1.90296458840773,17.7606158064773,62.3768470334521,19.8625371600706,123.754661560059,140.821746826172,100,"High income",10175214,532808626955.913
"Sweden",2019,1.01372226345511,2.54964785253048,17.7766784624178,62.2726593946469,19.9506621429353,120.596801757812,136.641006469727,100,"High income",10278887,546393370671.191
"Sweden",2017,1.34744505956262,1.82515601494717,17.6761928964721,62.5219734831306,19.8018336203973,122.896057128906,142.641586303711,100,"High income",10057698,522858808973.771
"Sweden",2016,1.25645398510305,2.34974080432539,17.525253746745,62.700911392201,19.773834861054,121.448799133301,137.561157226562,100,"High income",9923085,513486872435.55
"Sweden",2021,0.600591532839468,5.9375085730744,17.650117992462,62.1530987776028,20.1967832299352,117.347633361816,138.688186645508,99.9958953857422,"High income",10415811,567227918052.988
"Sweden",2013,0.847348652246305,1.13771649797086,16.9674927244282,63.7580854153169,19.2744218602549,118.135437011719,132.713500976562,100,"High income",9600379,469723477690.599
"Sweden",2014,0.992219728591882,2.2957638087284,17.1617120872329,63.3172186453916,19.5210692673755,118.02986907959,133.660247802734,100,"High income",9696110,480507219292.52
"Sweden",2015,1.05745468551674,4.41014067579341,17.343759463192,62.9579789502128,19.6982615865952,119.62419128418,137.462966918945,100,"High income",9799186,501698263620.663
"Sweden",2022,0.68058286829853,1.45928850757269,17.4887850472637,62.1693131278881,20.3419018248482,116.425392150879,139.406524658203,99.9975814819336,"High income",10486941,575505409872.88
"Sweden",2020,0.722703912882934,-2.00533750353763,17.7359001549834,62.2041144475448,20.0599853974717,119.500106811523,136.426132202148,99.9993362426758,"High income",10353442,535436339492.279
"Switzerland",2020,0.730676195047382,-2.14173720650054,15.0518920514782,66.1965690619318,18.75153888659,101.731712341309,104.211616516113,99.5570526123047,"High income",8638167,731108654673.334
"Switzerland",2019,0.713313668444329,1.14198232505277,15.0312374526728,66.3866169304802,18.582145616847,101.593048095703,104.071113586426,99.5899963378906,"High income",8575280,747109782866.389
"Switzerland",2015,1.13833715247736,1.64462768699285,14.8583873314297,67.2522559933481,17.8893566752222,102.15592956543,103.913391113281,99.6900024414062,"High income",8282396,694118186379.628
"Switzerland",2016,1.09203117387253,2.0686896670996,14.8761877901601,67.0852228581568,18.0385893516831,101.902526855469,104.09513092041,99.6699981689453,"High income",8373338,708477337578.722
"Switzerland",2013,1.14987975781229,1.79214405707484,14.9102444853064,67.569206651867,17.5205488628266,102.437759399414,101.221382141113,100,"High income",8089346,667208623354.645
"Switzerland",2014,1.22010397343287,2.34988127508626,14.8787479920449,67.4070238883851,17.7142281195699,102.470817565918,NA,99.7300033569336,"High income",8188649,682887233860.616
"Switzerland",2022,0.829927183900371,2.56832817834069,15.0704227915209,65.7109122627352,19.2186649457438,101.363067626953,103.392356872559,99.6446228027344,"High income",8777088,790318933740.326
"Switzerland",2023,1.25678260643691,0.716066868695833,15.0109897220706,65.3776294419259,19.6113808360035,NA,NA,99.6536865234375,"High income",8888093,795978145781.87
"Switzerland",2017,0.933155888738653,1.36279955711416,14.9285135328879,66.8710108843209,18.2004755827912,101.83332824707,103.900062561035,99.6770401000977,"High income",8451840,718132463597.499
"Switzerland",2018,0.736633975172522,2.86044579461633,14.9873869005651,66.6250290837812,18.3875840156537,101.837242126465,104.188026428223,99.6699981689453,"High income",8514329,738674253452.249
"Switzerland",2021,0.765501039496593,5.39188804141473,15.0790106400884,65.9929595917595,18.9280297681521,101.478240966797,103.605186462402,99.6649551391602,"High income",8704546,770529214794.414
"Tajikistan",2017,2.45467083241302,7.10000041864309,36.2279337781669,60.7364494572167,3.03561676461647,95.9131393432617,NA,95.7501831054688,"Lower middle income",9085946,9469953672.84779
"Tanzania",2015,3.26181042317192,6.16062877406682,44.5263834221289,52.525953864521,2.94766271335005,83.4221878162221,27.2394905090332,61.4973907470703,"Lower middle income",52020962,47413919817.124
"Tanzania",2014,3.08040316049107,6.73246186832483,44.7713352160243,52.2929296769969,2.93573510697886,85.9815352325255,31.1841907501221,60.5052337646484,"Lower middle income",50351512,44662433111.6494
"Tanzania",2018,3.15572113764533,5.46808181528009,43.7638338723472,53.2535161109898,2.982650016663,92.352157760738,28.7732619064766,63.8002510070801,"Lower middle income",57437145,57054358529.8858
"Tanzania",2020,2.99305168844906,1.99196460647855,43.3726253088519,53.6083841322846,3.01899055886357,95.8801506015427,30.7196795590619,3.04347705841064,"Lower middle income",60972798,61565931105.4141
"Tanzania",2022,2.95046658393064,4.56600576430955,42.9162231426002,54.0487270478758,3.03504980952398,88.2558784495081,NA,67.1932373046875,"Lower middle income",64711821,67159014151.451
"Thailand",2017,0.422963510133952,4.1776810321001,17.3369766439765,71.3970271044959,11.2659962515276,103.222160780668,109.502639199535,65.6598510742188,"Upper middle income",71160187,432422173710.333
"Thailand",2015,0.460976294059414,3.13404724911635,18.10770407317,71.5683231839936,10.3239727428364,105.305847167969,126.035987854004,65.0622253417969,"Upper middle income",70540795,401296238228.084
"Thailand",2016,0.451266062797186,3.43515771692182,17.7345182179105,71.4840033899878,10.7814783921017,107.05638885498,124.44612121582,65.7399978637695,"Upper middle income",70859841,415081396923.293
"Thailand",2019,0.204609851692418,2.11455779628278,16.5514326299846,71.119813854904,12.3287535151114,104.036198306507,109.378743181915,71.2099990844727,"Upper middle income",71522271,460212749509.626
"Thailand",2013,0.587325698680648,2.68749556320556,18.8099541307216,71.6876647113235,9.50238115795486,98.93212890625,84.6712265014648,61.4700012207031,"Upper middle income",69845114,385308369004.167
"Thailand",2014,0.530129864137193,0.984468863619426,18.4502177280848,71.6555591067219,9.89422316519326,105.393020629883,124.964302062988,64.7194061279297,"Upper middle income",70216367,389101609925.933
"Thailand",2018,0.302929452489855,4.22287028746071,16.9415128347237,71.2751569841428,11.7833301811334,103.213097597504,109.732723814478,66.8499984741211,"Upper middle income",71376079,450682801200.339
"Thailand",2023,-0.0458651887192549,1.88725725050934,15.0896793114488,70.1920646070109,14.7182560815403,103.489895715589,109.854930019435,74.82958984375,"Upper middle income",71702435,458457299263.157
"Thailand",2020,0.166540794566251,-6.05003846851622,16.1671338087241,70.9348809059768,12.8979852852991,104.676211372097,108.779183101525,69.1674575805664,"Upper middle income",71641484,432369701127.278
"Thailand",2021,0.119758274714782,1.56818176501186,15.7908306139144,70.7171395974968,13.4920297885888,104.189732317173,102.941030468274,70.3560180664062,"Upper middle income",71727332,439150043937.792
"Thailand",2022,0.0111485454856964,2.46276934050356,15.4329660912268,70.4702497426338,14.0967841661394,105.101107091175,101.874933807375,73.2099990844727,"Upper middle income",71735329,449965296578.7
"Timor-Leste",2013,2.07630476166789,3.10436683211147,40.3963510673646,54.5890419825752,5.0146069500602,129.083366548491,67.8913873568095,90.1924514770508,"Lower middle income",1158695,1485364306.59745
"Timor-Leste",2021,1.80006893139932,5.363126627216,35.4378087877651,59.0810127997979,5.48117841243695,124.204884379038,NA,58.0148010253906,"Lower middle income",1350139,2721465328.86905
"Timor-Leste",2015,1.94624234080117,2.48004040218397,39.1229919722454,55.6162128365245,5.26079519123017,126.818586582375,73.0578437687153,56.173755645752,"Lower middle income",1205131,1590282400
"Timor-Leste",2016,1.90525943887907,3.00993062553351,38.4458665411828,56.1642140450529,5.38991941376434,123.866365972623,77.5467614778173,43.5238609313965,"Lower middle income",1228312,1638148796.99007
"Timor-Leste",2022,1.40884587356384,-20.584244040573,34.8343363430319,59.7604023382827,5.40526131868541,120.849599035731,NA,46.4472427368164,"Lower middle income",1369295,2161272264.09507
"Togo",2019,2.44351209316794,4.92292591685973,40.9267242092348,56.0742451791714,2.99903061159381,121.971061706543,NA,58.7547225952148,"Low income",8463068,6859436220.97836
"Togo",2022,2.35270895960531,5.75954251521733,40.2169600368591,56.667625806837,3.11541415630384,122.478256225586,NA,63.2594795227051,"Low income",9089738,7842296104.31507
"Togo",2015,2.52060746648904,5.46803129272737,41.4586839132579,55.6964323825485,2.84488370419364,128.251586914062,NA,57.3642234802246,"Low income",7663195,5755461035.38026
"Togo",2017,2.49897565726694,4.00813326162304,41.2322139885998,55.8493557173734,2.91843029402681,123.164161682129,61.2385215759277,43.2296104431152,"Low income",8057140,6238457455.15971
"Tonga",2019,0.09657445504329,-0.208437487640992,35.9919371247143,57.7725833849881,6.23547949029758,113.312034078807,96.0933090863485,96.2766036987305,"Upper middle income",105669,483631249.208267
"Tonga",2018,0.20007307916608,0.68755058264442,36.2065617407037,57.6470755400624,6.14636271923385,116.087775982768,NA,99.5360336303711,"Upper middle income",105567,484641423.615719
"Tonga",2021,-0.202657341819835,0.362601971842835,35.6514155437271,57.926618289024,6.42196616724887,107.017315453717,100.286051862446,100,"Upper middle income",105490,494041235.450787
"Trinidad and Tobago",2014,0.356379989236334,3.85363548289079,19.7278365865509,72.6961227725935,7.57604064085554,NA,NA,96.3109359741211,"High income",1345343,27238519130.7874
"Trinidad and Tobago",2015,0.32088962269951,-0.777459952231411,19.6026276449887,72.3901010958317,8.0072712591796,NA,NA,96.232666015625,"High income",1349667,27026750552.9647
"Trinidad and Tobago",2019,0.351942101931713,0.3612724057636,18.8380786776699,71.3159659881446,9.84595533418547,NA,NA,99.3822326660156,"High income",1363985,23734663451.5336
"Trinidad and Tobago",2016,0.312772812072739,-7.52713742248807,19.4729601273742,72.0634838896443,8.46355598298152,NA,NA,96.5861968994141,"High income",1353895,24992409898.01
"Trinidad and Tobago",2013,0.400859959050308,3.53178737329638,19.850239230724,72.9691934254201,7.18056734385585,NA,NA,96.0619354248047,"High income",1340557,26227795497.13
"Trinidad and Tobago",2022,-0.128266918103601,1.48223484044745,18.2981192529153,70.343764696209,11.3581160508757,NA,NA,93.8717193603516,"High income",1365805,21672731505.4364
"Trinidad and Tobago",2020,0.200680476473799,-9.07787689348437,18.7459888381244,70.8098487296116,10.4441624322639,NA,NA,99.2497787475586,"High income",1366725,21580059922.3205
"Trinidad and Tobago",2021,0.0609300519200696,-1.03742621022469,18.5453555530536,70.5391312530773,10.9155131938691,NA,NA,99.3103561401367,"High income",1367558,21356182724.5042
"Tunisia",2016,1.10253911569433,1.11742594891074,24.8604273509871,67.9779030952694,7.16166955374354,106.178161621094,91.1704330444336,75.5617294311523,"Lower middle income",11528674,46291045987.6341
"Tunisia",2015,1.12871973379756,0.967703108220121,24.7048700152882,68.3260271819702,6.96910280274163,106.111831665039,86.7649536132812,74.9410705566406,"Lower middle income",11402264,45779494041.9295
"Tunisia",2013,1.18925109300243,2.42993096446429,24.3632813066232,68.9347454469317,6.70197324644508,105.400726318359,87.5095062255859,75.5621032714844,"Lower middle income",11141361,43981556030.3594
"Tunisia",2018,0.982378425356264,2.62493010870395,25.0818610609846,67.2921528421048,7.62598609691059,106.200668334961,NA,64.378791809082,"Lower middle income",11765514,48569264671.6842
"Tunisia",2014,1.18603354474404,3.09032803070775,24.5510093409003,68.64122151217,6.80776914692972,105.901481628418,85.8415222167969,52.1131973266602,"Lower middle income",11274288,45340730384.707
"Tunisia",2017,1.05116025482594,2.23783867965943,24.9964068061122,67.6324579587732,7.37113523511462,106.57202911377,NA,75.623046875,"Lower middle income",11650498,47326964919.9643
"Tunisia",2022,0.585173208533683,2.67331821840567,24.7385633871698,66.4224604430598,8.83897616977039,103.912643432617,NA,56.6217994689941,"Lower middle income",12119334,48277261609.9968
"Tunisia",2019,0.926946081730267,1.58784665466504,25.111470818599,66.9427854850001,7.94574369640089,NA,NA,76.0711517333984,"Lower middle income",11875081,49340470115.969
"Tunisia",2023,0.666925034776371,0.0391565674939329,24.4349031603884,66.3988223039006,9.16627453571107,103.529930114746,NA,83.1604156494141,"Lower middle income",12200431,48296165328.5233
"Turkiye",2018,1.35360298648434,3.0131703931215,23.1214938912891,68.7066114748183,8.17189463389264,100.931251525879,112.115409851074,83.0473327636719,"Upper middle income",81407204,988958576886.064
"Turkiye",2019,1.42969688109789,0.818514526726673,22.9618328859766,68.5155348426091,8.52263227141434,103.962959289551,111.910400390625,91.0400009155273,"Upper middle income",82579440,997053346501.186
"Turkiye",2017,1.29675571220462,7.50199748917491,23.3213655170857,68.7322045337867,7.94642994912766,97.4918975830078,112.977333068848,89.5,"Upper middle income",80312698,960031200973.599
"Turkiye",2016,1.34542593504869,3.32308420845746,23.5547704330919,68.6855786915971,7.75965087531105,105.28328704834,108.547561645508,88.9499969482422,"Upper middle income",79277962,893035686216.222
"Turkiye",2021,0.910444902564511,11.4393956926566,22.5061384445013,68.1089016969559,9.38495985854274,102.596397399902,114.147331237793,85.0500640869141,"Upper middle income",84147318,1131775463573.96
"Turkiye",2013,1.28441474668,8.48581699653026,24.7039256858802,67.8629529763027,7.43312133781708,114.724349975586,102.209701538086,87.3000030517578,"Upper middle income",76147624,776389567770.091
"Turkiye",2014,1.3490889002021,4.9397151613658,24.2758055452092,68.1990081161611,7.52518633862966,111.935722351074,105.97550201416,87.8300018310547,"Upper middle income",77181884,814741000960.492
"Turkiye",2015,1.33411577030414,6.08448690443663,23.862729110196,68.5188387624971,7.61843212730696,107.29418182373,107.243186950684,88.2799987792969,"Upper middle income",78218479,864313810469.009
"Turkiye",2022,0.984586244469359,5.53342787492781,22.1897661942093,68.0907133995488,9.71952040624191,102.487701416016,116.040176391602,85.367561340332,"Upper middle income",84979913,1194401442556.95
"Turkiye",2023,0.406389351118662,5.11116818488702,21.8397289718795,68.1592433612863,10.0010276668343,NA,NA,86.2253494262695,"Upper middle income",85325965,1255449309088.75
"Turkiye",2020,0.970386031353162,1.85987303976462,22.769897603882,68.2662379795384,8.96386441657962,103.296417236328,112.527458190918,84.411735534668,"Upper middle income",83384680,1015597272884.83
"Turkmenistan",2019,2.20552575085177,6.30000004226711,30.8693214649238,65.4019223701781,3.72875616489817,107.702331542969,85.9027862548828,99.6261215209961,"Upper middle income",6803944,45710025794.8484
"Turkmenistan",2015,2.28610385900461,6.49999990951666,29.7155943672304,66.7187894661482,3.56561616662135,NA,NA,99.7045211791992,"Upper middle income",6215770,35799714285.7143
"Turks and Caicos Islands",2019,3.79390439929271,5.31092524837173,16.8908039985637,73.2946450290162,9.8145509724201,119.490045406916,91.0927835051546,96.1295928955078,"High income",43166,1095647325.71769
"Tuvalu",2022,-2.00145390945735,0.677309361438304,31.9855884707766,62.1297037630104,5.88470776621297,98.4408187866211,91.3165283203125,51.683349609375,"Upper middle income",9992,45116847.7756278
"Tuvalu",2016,-0.301466450395575,5.66037735849056,31.7718102383458,62.8253808499931,5.4028089116611,99.4740829467773,79.3079071044922,97.2185668945312,"Upper middle income",10930,38895630.5776922
"Tuvalu",2017,-0.559660160739733,2.44839285714286,31.622044346306,62.9680743398657,5.40988131382832,NA,NA,78.6250686645508,"Upper middle income",10869,39847948.4184971
"Tuvalu",2019,-1.59388335810663,13.8220984406966,31.6699744825631,62.7114639448067,5.61856157263019,94.2307662963867,81.1111068725586,93.2548828125,"Upper middle income",10581,45984984.3588252
"Uganda",2016,3.32192491389275,4.78100029254482,47.5229368415062,50.51846880571,1.95859435278379,105.913589477539,26.3273289386407,42.2576599121094,"Low income",38799152,33935615078.9833
"Uganda",2014,2.95144499872136,5.10630732539796,48.4979360863145,49.5886315846103,1.91343232907517,112.744294802519,26.9398247527758,43.4376525878906,"Low income",36395539,30789849487.5724
"Uganda",2017,3.49059590870242,3.13140551723596,46.9022040457185,51.1141789506077,1.98361700367381,105.526321411133,24.0003346678213,80.3073577880859,"Low income",40177388,34998276801.8745
"Uganda",2019,3.39132142318772,6.43874503276439,45.7632788183389,52.2003191305973,2.0364020510638,NA,NA,51.9894905090332,"Low income",42999637,39600047064.28
"Uganda",2021,3.21773661761443,3.53658034070898,44.7325571492453,53.1816671977675,2.08577565298721,NA,NA,86.4019927978516,"Low income",45910930,42210585952.7826
"Ukraine",2019,-0.557746010589576,3.19950386231294,15.3715841763117,67.9121159385835,16.7162998851047,90.6809692382812,84.4568328857422,100,"Lower middle income",44957458,101944118787.095
"Ukraine",2018,-0.501151978990809,3.4883623420827,15.4195267317566,68.2325299304405,16.3479433378029,88.572883605957,85.8331909179688,100,"Lower middle income",45208907,98783535745.5861
"Ukraine",2020,-0.619037730087783,-3.7528179386597,15.2834003668463,67.6202746084606,17.0963250246931,91.1122131347656,84.4283294677734,100,"Lower middle income",44680014,98118341609.8448
"Ukraine",2021,-0.857231073467664,3.44562065700251,15.1444728325745,67.4674594976279,17.3880676697975,91.1486968994141,84.6516265869141,100,"Lower middle income",44298640,101499127456.662
"United Arab Emirates",2019,1.0545163442516,1.10834813893099,16.6494070201078,81.8226037478217,1.52798923207058,90.9360885620117,82.3568878173828,93,"High income",9445785,403336245487.99
"United Arab Emirates",2017,3.17379785893425,0.735068713165646,16.7637609107843,81.7573549214794,1.47888416773632,81.799201965332,81.2523574829102,88.4300003051758,"High income",9223225,393741456191.578
"United Arab Emirates",2018,1.32986873264335,1.31391388141118,16.7091550433461,81.7897488678028,1.50109608885113,NA,NA,91.0100021362305,"High income",9346701,398914879841.349
"United Arab Emirates",2021,1.83513009029147,4.35475529921305,16.5083622023306,81.87240475274,1.61923304492939,NA,NA,92.6900024414062,"High income",9575152,400036290943.156
"United Arab Emirates",2016,4.93046894788046,5.56149075496799,16.8110159449701,81.7037621944191,1.48522186061082,88.7415466308594,79.0212707519531,82.9100036621094,"High income",8935095,390868305567.669
"United Arab Emirates",2022,5.08834153373914,7.50969703221836,16.4756028959529,81.8846579747203,1.63973912932682,NA,NA,93.2300033569336,"High income",10074977,430077804411.91
"United Kingdom",2021,-0.0819372405302065,8.5759509048565,17.8347922924352,63.4465589396069,18.7186487679579,102.037620544434,113.683822631836,100,"High income",67026292,3074755378779.19
"United Kingdom",2023,0.821212039762055,0.339966158003463,17.4091420415944,63.3527288517877,19.238129106618,NA,NA,99.4954986572266,"High income",68350000,3234504373105.3
"United Kingdom",2019,0.564131113399897,1.62447515947532,18.0221596598278,63.5198822523142,18.457958087858,101.78825378418,117.233337402344,98.5047149658203,"High income",66836327,3156963551827.52
"United Kingdom",2020,0.365758263815142,-10.2969188737567,17.9663259938257,63.4278786786019,18.6057953275723,102.09602355957,114.651649475098,100,"High income",67081234,2831893576021.77
"United Kingdom",2022,1.13444824466953,4.83908514714403,17.6292573661875,63.4404279110136,18.9303147227989,102.406127929688,113.228363037109,99.4343338012695,"High income",67791000,3223545409624.7
"United Kingdom",2013,0.669740535540783,1.79992149362663,17.802240953121,64.8698524669935,17.3279065798855,105.346168518066,125.987342834473,99.8300018310547,"High income",64128273,2775572748536.75
"United Kingdom",2014,0.736463978721671,3.1946373128021,17.8347306632136,64.5811849432514,17.5840843935351,99.9745025634766,128.755126953125,99.8600006103516,"High income",64602298,2864242231205.47
"United Kingdom",2015,0.792367505802859,2.22288844908437,17.8806022014279,64.349417600625,17.7699801979471,100.158020019531,126.094779968262,98.7090759277344,"High income",65116219,2927911140916.73
"United Kingdom",2016,0.757874492811929,1.92171007763831,17.9502325560643,64.1335648731091,17.9162025708266,100.319931030273,NA,98.4516983032227,"High income",65611593,2984177104376.02
"United Kingdom",2017,0.679374473924223,2.65650489309972,18.020639483359,63.9059468954247,18.0734136212163,100.695220947266,125.731430053711,100,"High income",66058859,3063451915172.53
"United Kingdom",2018,0.605929132212552,1.40519026609273,18.0517860948227,63.6924638374832,18.2557500676941,101.219680786133,120.190452575684,98.5149765014648,"High income",66460344,3106499243290.97
"United States",2022,0.367472693654024,2.51237531983308,17.8818251956671,65.1985544146872,16.9196203896458,96.9717330932617,97.4734878540039,99.0299987792969,"High income",333271411,21443388432051
"United States",2023,0.491924871690548,2.88755600906016,17.5946376490897,64.9735428685564,17.4318194823539,NA,NA,99.6513290405273,"High income",334914895,22062578283266.8
"United States",2015,0.73621730882542,2.94555045455233,19.1916943798524,66.4980809064681,14.3102247136795,100.299911499023,97.6525497436523,98.7699966430664,"High income",320738994,1.8295019e+13
"United States",2016,0.724676067451429,1.81945147474293,19.0672311047361,66.3180403833652,14.6147285118987,101.362861633301,98.7699279785156,98.879997253418,"High income",323071755,18627887993000
"United States",2013,0.692860276624581,2.11783009919849,19.4092161082283,66.8895911742848,13.7011927174869,99.455436706543,96.1864929199219,98.870002746582,"High income",316059947,17334068403000
"United States",2014,0.733361519937424,2.52381981441982,19.3063454853775,66.6847279137693,14.0089266008532,99.6733779907227,96.9245376586914,98.7900009155273,"High income",318386329,17771549056000
"United States",2019,0.455381285963537,2.58382533018855,18.6084404882877,65.718674264212,15.6728852475003,100.981300354004,100.063430786133,99.6493682861328,"High income",328329953,20159639089698.1
"United States",2020,0.968999515833015,-2.16302913866514,18.3928572241369,65.5352308319268,16.0719119439363,100.305793762207,100.509819030762,99.0599975585938,"High income",331526933,19723580221938.2
"United States",2017,0.63264399508256,2.45762230322211,18.938947483366,66.1219291236341,14.9391233929999,101.821441650391,98.9523391723633,97.5959396362305,"High income",325122128,19085691122935.2
"United States",2018,0.526435395564053,2.96650506916633,18.7864697356003,65.9220436398193,15.2914866245804,101.256561279297,99.2755813598633,99.0299987792969,"High income",326838199,19651869117582.5
"United States",2021,0.157342694282194,6.05505293304576,18.1461171256033,65.380112850592,16.4737700238047,98.3054885864258,101.192489624023,97.2861862182617,"High income",332048977,20917853444668.3
"Uruguay",2015,0.347483697847475,0.370741257681345,21.1456177329271,64.2445391457347,14.6098431213382,109.24047088623,108.043296813965,89.379997253418,"High income",3368017,57680327998.6689
"Uruguay",2016,0.333941294134426,1.6897981652001,20.9805452813511,64.3219434418485,14.6975112768004,108.082290649414,112.032577514648,89.8499984741211,"High income",3379283,58655009122.8718
"Uruguay",2013,0.297452387025821,4.63753862902416,21.5240049059332,64.0250892510979,14.4509058429689,109.706832885742,104.664520263672,88.5699996948242,"High income",3345337,55664418793.7377
"Uruguay",2014,0.328187100513488,3.23879122952364,21.3228151127368,64.1471819927364,14.5300028945268,109.459808349609,106.469367980957,89.120002746582,"High income",3356334,57467273107.5946
"Uruguay",2018,0.179744266709225,0.164777659980814,20.4930190712481,64.5510989137242,14.9558820150277,105.275650024414,117.769058227539,91.0999984741211,"High income",3394534,59774159541.437
"Uruguay",2019,0.0786838170441181,0.928351033363754,20.1749643935287,64.6984116798351,15.1266239266362,104.354148864746,119.848533630371,91.3300018310547,"High income",3397206,60329073569.2244
"Uruguay",2017,0.270549143036717,1.74037648675632,20.7672710504473,64.4238089089735,14.8089200405792,107.146530151367,116.472846984863,90.1999969482422,"High income",3388438,59675827109.951
"Uruguay",2022,-0.170369337727093,4.70725761465232,19.0668560355279,65.3197383713472,15.6134055931249,108.822761535645,121.13793182373,92.8600006103516,"High income",3390913,61761057234.7987
"Uruguay",2023,-0.0835522251458198,0.3674751756175,18.6854031360825,65.5017789571411,15.8128179067764,NA,NA,92.7801284790039,"High income",3388081,61988013788.3355
"Uruguay",2021,-0.0668956092956434,5.56189279343275,19.4316121158379,65.0844077970509,15.4839800871112,107.99080657959,120.236488342285,92.0899963378906,"High income",3396695,58984504648.2777
"Uzbekistan",2019,1.80974442927918,6.77992399653822,29.3439503667878,65.4579393879532,5.19811024525901,98.2569298360836,96.2074737548828,100,"Lower middle income",32964701,107444145839.555
"Uzbekistan",2018,1.72706882389247,5.5591957292327,29.0174502499198,65.9153420605047,5.06720768957552,98.2866521653154,94.9465096520158,99.9899978637695,"Lower middle income",32373490,100622047495.594
"Uzbekistan",2022,2.00999064709715,6.00134232206508,30.5682549668664,63.88678820121,5.54495683192361,93.9099780290139,86.9214392685034,100,"Lower middle income",34938955,124966702851.244
"Uzbekistan",2020,1.86830671569358,1.56334277259953,29.7356662994145,64.9556790474422,5.30865465314325,98.615310525126,90.0642970154019,100,"Lower middle income",33586372,109123866128.119
"Uzbekistan",2021,1.9382099918182,8.0346831263811,30.1776585415555,64.4123354034613,5.41000605498317,97.9289255849279,86.0562395236757,100,"Lower middle income",34243696,117891622986.77
"Vanuatu",2020,2.32661131084294,-4.99249142889525,39.0050809998712,56.9353055041098,4.05961349601902,115.437370300293,54.3274688720703,88.1431427001953,"Lower middle income",298858,821054304.95471
"Vanuatu",2019,2.33048915705222,3.24118765540442,39.003097767176,56.990696423954,4.00620580886999,115.599232375208,NA,90.9164276123047,"Lower middle income",291985,864199385.188828
"West Bank and Gaza",2013,2.40084831983677,4.69856986552234,40.7222113242063,56.1995735831012,3.07821509269255,93.5185775756836,86.5922012329102,92.5899963378906,"Lower middle income",4076708,13492400000
"West Bank and Gaza",2014,2.3440772109436,-0.157866650855297,40.3924788289722,56.4627356961458,3.14478547488197,94.9743499755859,86.3153991699219,92.6900024414062,"Lower middle income",4173398,13471100000
"West Bank and Gaza",2015,2.29048005844149,3.72129967114788,40.1148606732404,56.6701131134906,3.21502621326908,95.4319305419922,86.9270935058594,93.25,"Lower middle income",4270092,13972400000
"West Bank and Gaza",2016,2.24610527580178,8.86461881995935,39.8733125263478,56.8426367209549,3.28405075269727,95.8556594848633,87.1568832397461,93.6100006103516,"Lower middle income",4367088,1.5211e+10
"West Bank and Gaza",2017,1.98868634871278,1.41936756294787,39.7257493949967,56.9185550343498,3.35569557065348,97.3736724853516,88.2223892211914,93.8300018310547,"Lower middle income",4454805,15426900000
"West Bank and Gaza",2018,2.5330114844554,1.22707737782703,39.6498159760895,56.9225409060852,3.4276431178253,96.7478790283203,88.1210632324219,94.5800018310547,"Lower middle income",4569087,15616200000
"West Bank and Gaza",2019,2.51178246264674,1.36268746558062,39.5223919312078,56.9725227158673,3.50508535292495,96.0624237060547,88.8878326416016,93.7597122192383,"Lower middle income",4685306,1.5829e+10
"West Bank and Gaza",2020,2.48654993848325,-11.3184661065134,39.3067665649116,57.1178387168293,3.57539471825902,95.1808624267578,89.0763092041016,95.3399963378906,"Lower middle income",4803269,14037400000
"West Bank and Gaza",2021,2.45703865277568,7.01198227592003,39.0266165034066,57.3431169497133,3.63026654688014,93.1320114135742,90.1905136108398,91.2772979736328,"Lower middle income",4922749,15021700000
"West Bank and Gaza",2022,2.42553777623863,4.08276027347105,38.6899535744646,57.6072471335106,3.70279929202472,91.7645874023438,89.6303024291992,95.879997253418,"Lower middle income",5043612,1.5635e+10
"Yemen, Rep.",2014,3.06832379522527,-0.188690232450909,42.0599551205541,55.209704896486,2.73033998295988,NA,NA,32.8291282653809,"Low income",30226309,58946214923.8994
"Zambia",2015,3.12013727876838,2.92037511217961,45.1785994081317,53.0836302273751,1.73777036449312,103.852157592773,NA,77.1504592895508,"Low income",16399089,21251216798.7762
"Zambia",2017,3.06754137743233,3.52586277149926,44.5091267320686,53.7380099022898,1.75286336564157,99.239128112793,NA,87.8890075683594,"Low income",17441320,22826646593.6169
"Zambia",2018,3.0060186177754,4.03449389667165,44.1450304054804,54.0877190278681,1.76725056665151,97.7707331798513,NA,60.810718536377,"Low income",17973569,23747586257.2512
"Zambia",2019,2.96162166175699,1.44130602603785,43.7567582888466,54.4562325929206,1.78700911823288,96.2491679442168,NA,85.9723434448242,"Low income",18513839,24089861649.0155
"Zambia",2020,2.9041649369132,-2.78505506545167,43.3344027971507,54.8573210219947,1.80827618085464,94.7777968616337,NA,88.7138519287109,"Low income",19059395,23418945736.8993
"Zambia",2021,2.81534240626742,6.23492204726448,42.8932123845063,55.2798254096854,1.82696220580829,NA,NA,88.5033950805664,"Low income",19603607,24879098747.8861
"Zambia",2022,2.76365042984169,5.21122360356247,42.4387153873048,55.7051954409824,1.85608917171283,NA,NA,88.7637710571289,"Low income",20152938,26175604214.1895
"Zimbabwe",2014,1.37169405347957,1.48454262162193,43.9315584244601,52.9303353610736,3.13810621446626,102.422207446296,NA,75.7799987792969,"Lower middle income",14207359,19567149970.4202
"Zimbabwe",2015,1.3399592762046,2.02364999592871,43.8226043687856,52.955903991475,3.22149163973947,101.52105049101,NA,73.8740234375,"Lower middle income",14399013,19963120600
"Zimbabwe",2017,1.44285382068925,4.08026390333053,43.2827192633888,53.3298234556504,3.38745728096075,98.5451030927835,NA,82.4499969482422,"Lower middle income",14812482,20964866130.3334
"Zimbabwe",2019,1.56353351552455,-6.33244640703352,42.5422575941545,53.9235009569379,3.53424144890757,97.4766143857125,NA,75.0012283325195,"Lower middle income",15271368,20621078646.8294
"Zimbabwe",2021,1.72601114303872,8.46801689759531,41.8719254855762,54.5301005683915,3.59797394603224,96.0151477769296,NA,94.824333190918,"Lower middle income",15797210,20618836217.7637
"Zimbabwe",2022,1.7062092862652,6.13926326513234,41.6115433791364,54.7802296158601,3.6082270050035,95.789907037216,NA,94.8789672851562,"Lower middle income",16069056,21884680855.3787
